Chain,Peptide,charge(z),0s_L1A,30s_L1Ar1,60s_L1A,300s_L1A,900s_L1A,3600s_L1A,14400s_L1A,full
HC,QVTLRESGPA,2,529.5073,531.6857333,531.673,531.6239,531.6383,531.6504667,531.7473667,532.4244333
HC,RESGPALVKPTQT,2,692.7742,693.9041667,694.0952,694.4618667,694.5680333,694.8112333,695.0357,696.1168
HC,RESGPALVKPTQTLTL,3,571.3387,572.2438,572.3839667,572.6292,572.7077333,572.8383333,572.9902,573.8973
HC,TCTFSG,1,615.6234667,616.3422667,616.4778,616.6542333,616.7699,616.8564333,617.1053,618.2173333
HC,TCTFSGF,1,762.7609333,763.5039667,763.5673,763.9576333,764.2447667,764.5301,764.8133333,765.7120667
HC,FSGF,1,457.4633,458.0130333,458.0644,458.2166333,458.3693,458.5441,458.5869,458.8023
HC,FSLSTAGM,1,813.8810333,816.3965,816.6287333,816.9212667,816.9454667,817.0342333,817.1123333,818.2559333
HC,FSLSTAGMSVGWIRQPPGKA,3,697.8203667,699.122,699.2415667,699.3356,699.3283333,699.3606667,699.3846,700.1537333
HC,FSLSTAGMSVGWIRQPPGKAL,3,735.5423667,736.8037333,736.9398333,737.0366667,737.0335667,737.0962333,737.1955,738.1175667
HC,FSLSTAGMSVGWIRQPPGKALE,3,778.5714,779.8595,779.9833667,780.0754333,780.0622333,780.1164333,780.2353667,781.1391333
HC,FSLSTAGMSVGWIRQPPGKALEWL,3,878.3754667,879.6425333,879.8323,880.0291333,880.0215667,880.0725667,880.19695,881.1504333
HC,SLSTAGMS,1,753.6342333,755.7281667,755.9042333,756.4209333,756.4811667,756.4345,756.5302667,757.7595667
HC,SLSTAGMSVGWIRQPPGKA,3,648.7471,649.8468,649.9503333,650.0692333,650.0936667,650.1019667,650.1444333,650.8323
HC,SLSTAGMSVGWIRQPPGKAL,3,686.4893333,687.5703667,687.6867667,687.7985667,687.8045,687.8559667,687.9696,688.7995
HC,SLSTAGMSVGWIRQPPGKALE,3,729.5237667,730.6036,730.719,730.8102667,730.8129,730.872,730.9961667,731.8509333
HC,SLSTAGMSVGWIRQPPGKALEWL,3,829.304,830.3728,830.5261333,830.7127667,830.7181,830.7817,830.8637667,831.8023333
HC,SVGWIRQPPGKA,3,432.8415333,433.4185333,433.4702333,433.4744333,433.4612,433.4676,433.4899667,433.6997
HC,SVGWIRQPPGKAL,3,470.5645,471.1253,471.1785667,471.1849667,471.1786667,471.2166333,471.3169,471.6644
HC,SVGWIRQPPGKALE,3,513.6173333,514.1857333,514.2374667,514.2564667,514.2509333,514.2903,514.3916,514.7061
HC,SVGWIRQPPGKALEWL,3,613.3953,613.9957667,614.0961333,614.2095333,614.2024,614.256,614.3490333,614.7290667
HC,SVGWIRQPPGKALEWLAD,3,675.4372,676.0844333,676.1879667,676.2634667,676.2619333,676.2838,676.3529667,676.8283333
HC,VGWIRQPPGKA,3,403.8202333,404.3787667,404.4367667,404.4318333,404.4211,404.4351667,404.4409,404.6773333
HC,VGWIRQPPGKALE,3,484.5649,485.1328667,485.1946333,485.1930333,485.1791667,485.2318667,485.3305,485.6729
HC,VGWIRQPPGKALEW,3,546.6145333,547.2254333,547.2743,547.4141333,547.4051,547.4584667,547.5471667,547.9184333
HC,VGWIRQPPGKALEWL,3,584.3638,584.9488,585.048,585.1602333,585.1552667,585.2067333,585.3127333,585.6748
HC,GWIRQPPGKAL,3,408.4635333,408.9985,409.0705333,409.0629333,409.0649667,409.0993,409.2263333,409.5992667
HC,GWIRQPPGKALE,3,451.5223333,452.044,452.1116333,452.1214667,452.1108,452.1411667,452.2791333,452.6319333
HC,WIRQPPGKA,2,527.1137667,527.9220333,528.0005,528.0071667,527.9800333,528.0179667,528.0258,528.3973667
HC,WIRQPPGKALEWL,3,532.2999,532.8732,532.9755667,533.0832333,533.0793,533.1303333,533.2254333,533.5874667
HC,IRQPPGKALE,3,370.4466,371.0368,371.1158667,371.1497333,371.1322,371.1602667,371.2879667,371.6043333
HC,IRQPPGKALEWL,3,470.2315667,470.8044,470.8993333,471.0104,471.0139,471.0575667,471.1579333,471.5377
HC,LEWL,1,560.5938667,560.7862,560.9206667,561.2344,561.243,561.2556333,561.2702667,561.3866667
HC,LEWLAD,1,746.8013667,747.0456667,747.2018667,747.4612333,747.5012,747.4691,747.4977333,747.6799
HC,EWLAD,1,633.6472667,633.7277,633.7332,633.7195667,633.7380667,633.7480333,633.7815667,633.8126667
HC,WLAD,1,504.5003333,504.5563,504.5697333,504.5606333,504.5754333,504.5526333,504.5859,504.6448667
HC,WLADI,1,617.6565667,617.7406667,617.7435333,617.7024,617.7017,617.7019667,617.7268333,617.8893
HC,ADIWWDDKKHYNPSLKDRL,5,481.1395333,481.4923,481.5956333,481.8061333,481.8862,481.9973333,482.0945667,482.5484333
HC,WWDDKKHYNPSLKDRL,3,701.4170667,702.0403,702.1946,702.5414,702.6851,702.8318,702.9422333,703.3548667
HC,KDRLTISKDTSKNQVVL,4,487.3221,488.1364667,488.2253667,488.4276667,488.4914667,488.5266667,488.5489667,489.0503667
HC,RLTISKDTSKNQVVL,3,568.3334,569.3319667,569.4067333,569.5318,569.5402,569.5645667,569.5889333,570.1982333
HC,SKDTSKNQVVL,2,610.1463333,611.3153333,611.3671333,611.5358,611.5258,611.5828667,611.6308667,612.2588
HC,KVTNMDPADTATY,2,714.2829667,714.7806,714.8482,714.9435333,714.9875667,715.1836333,715.4168,716.8582
HC,YYCARD,2,395.9361667,395.9963333,396.0136,396.0067333,396.0077,396.0159333,396.0300667,396.2799667
HC,YYCARDMIF,2,591.6888,591.9920333,592.051,592.0693333,592.1311,592.2759667,592.4699333,593.0573667
HC,YCARDMIF,2,510.1585333,510.3958,510.4254333,510.467,510.5490667,510.6780667,510.8939667,511.4375333
HC,YCARDMIFNF,2,640.7364667,641.1863667,641.3397333,641.4537,641.5844333,641.8892,642.1202333,642.8732667
HC,CARDMIFNF,2,559.1736667,559.6078333,559.7219667,559.8638,559.9806333,560.2688,560.494,561.1430333
HC,ARDMIFNF,2,507.5581667,507.9436667,508.0574667,508.1734333,508.2706667,508.5914667,508.7338667,509.3967667
HC,MIFNF,1,671.7536,672.6065333,672.8807667,673.1108333,673.2541333,673.6027667,673.6717667,674.0159333
HC,YFDVWGQGTTV,2,637.2222667,637.6628,637.7623667,637.9375,637.9809,638.0964333,638.2977,639.4107667
HC,YFDVWGQGTTVT,2,687.7354333,688.2722333,688.3615333,688.5705667,688.6404,688.7791,689.0172333,690.6066333
HC,YFDVWGQGTTVTVSSASTKGPSVFPLAPSSKSTSGGTAAL,4,988.0853667,989.7222667,989.8615333,990.0437333,990.1768667,990.4162667,990.7228,992.5619667
HC,FDVWGQGTTVT,2,606.1651667,606.6598333,606.7455667,606.9313667,606.9928667,607.1234667,607.3378667,608.8182
HC,TVTVSSASTKGPSVFP,3,522.5789333,523.6543667,523.7637333,523.9743667,524.0800667,524.2385,524.3648,524.9159333
HC,VSSASTKGPSVF,2,584.1595667,585.4498,585.5233,585.6449,585.5987333,585.6873667,585.8843,586.5803
HC,VSSASTKGPSVFPLAPSSKSTSGGTAAL,3,865.3137333,867.3888333,867.4447,867.5920667,867.7980333,868.0314333,868.2291,869.2619667
HC,PLAPSSKSTSGGTAAL,2,723.3459667,725.4082333,725.4333,725.7471333,725.9042667,726.2002667,726.4168667,727.1165667
HC,LVKDYFPEPVT,2,654.7557,654.9015333,654.9582333,655.2323333,655.4483333,655.6967667,655.9379,656.7339
HC,VKDYFPEPVT,2,598.1826,598.3156667,598.3785333,598.6357,598.8182,599.1006333,599.2867333,599.7212667
HC,VKDYFPEPVTVSW,2,784.4149333,785.1594,785.3228333,785.6294333,785.7930333,786.0404667,786.2329333,787.0027333
HC,VKDYFPEPVTVSWNSGALTSGVHTFPAVL,3,1040.851,1042.904667,1043.209667,1043.702333,1043.835,1044.110333,1044.372667,1045.628
HC,VSWNSGAL,2,417.4136667,418.4885667,418.7464333,419.0918667,419.078,419.1614667,419.1752667,419.5073
HC,VSWNSGALTSGVHTFPAVL,2,972.5752,975.0708333,975.5342333,976.0201667,976.1147,976.2717,976.5304667,977.6496667
HC,NSGALTSGVHTFPAVL,2,786.3714,788.4134667,788.6393333,788.9552,788.9519,789.1226,789.4034667,790.3240667
HC,ALTSGVHTFPAVL,2,657.2624333,658.6332333,658.7515667,658.9544,658.9341667,659.0541667,659.3351,660.0722667
HC,LTSGVHTFPAVL,2,621.7271667,622.7416333,622.9032667,623.0754333,623.0737333,623.1911,623.4380667,624.1247667
HC,TSGVHTFPAVL,2,565.1468667,565.9926,566.137,566.3194,566.3179667,566.4485667,566.7067667,567.3364333
HC,HTFPAVL,1,784.7907333,785.9034667,786.1303,786.1025667,786.1805,786.2775333,786.5320667,787.6221333
HC,QSSGL,1,491.4637333,492.1606333,492.3496667,492.5629667,492.5932,492.8300667,493.1352,493.4843
HC,YSLSSV,1,655.6656,655.7231333,655.7302667,655.7335667,655.7614667,655.7923,656.0235,657.8189
HC,VVTVPSSSL,1,888.9496667,891.2814,891.3701,891.3993333,891.3525,891.5382667,891.9125333,893.2995333
HC,VVTVPSSSLGTQT,2,638.7085333,641.0450333,641.1137667,641.1367667,641.0839667,641.2193,641.4136,642.4449333
HC,VTVPSSSL,1,789.8301,792.1559667,792.2094667,792.2643333,792.2112,792.2680667,792.4277333,793.5872
HC,VTVPSSSLGTQT,2,589.1474,591.5101333,591.5636,591.5799,591.5186667,591.5859,591.6627667,592.5397
HC,SLGTQTYICNV,2,600.0882333,602.5235667,602.613,602.6129,602.5318667,602.6163,602.765,603.4428333
HC,YICNVNHKPSNTKVDKRVEPKSCDKTH,6,524.5900667,525.2423,525.3166,525.3311333,525.3498,525.3658,525.4694667,526.0167
HC,LGGPSVF,1,676.7266333,677.3216333,677.4062667,677.7661667,678.1072,678.4083333,678.4769667,679.1969
HC,FLFPPKPKDTL,3,435.1945667,435.5163667,435.5866667,435.7759333,435.9216667,436.0802,436.1201,436.4580333
HC,FLFPPKPKDTLM,3,478.9268667,479.2551667,479.3332333,479.5689,479.7570667,479.9656333,480.0026667,480.3505333
HC,LFPPKPKDTL,3,386.1338,386.4829,386.5548,386.7365333,386.8955,387.0911,387.1260667,387.2725333
HC,LFPPKPKDTLM,3,429.8807,430.2122333,430.2945333,430.5311667,430.7275333,430.9477,430.9708333,431.1574
HC,ISRTPEVTC,2,503.5373,504.1914333,504.2426333,504.3103,504.3394,504.4237,504.5538667,505.4902
HC,VVVDVSHEDPEVKFNW,3,634.0445,634.6639667,634.7828333,634.9674667,635.0208667,635.2188,635.577,636.4481
HC,VVDVSHEDPEVKFNW,3,600.9837,601.6452333,601.7639667,601.9771333,602.0101333,602.2058333,602.5224667,603.1417
HC,VSHEDPEVKFNW,3,496.5390667,497.0674667,497.1643,497.2557667,497.2758,497.4072333,497.6337667,498.0287
HC,RVVSVL,1,672.7435333,672.8431333,672.8946,672.8889,672.8735667,673.0041,673.1193,675.3034
HC,GQPREPQV,2,455.9746667,456.7636667,456.9640667,457.2429333,457.2787333,457.3854667,457.4113333,457.6697667
HC,YTLPPSRE,2,482.0144,482.7081,482.7385,482.7628333,482.7794667,482.8686333,483.0204667,483.2804333
HC,YTLPPSREEM,2,612.1677,612.9684333,612.9547,613.0562667,613.1745667,613.3649667,613.6177333,613.9696
HC,YTLPPSREEMTKNQVS,3,627.7046333,629.0999,629.1608667,629.2272333,629.2202667,629.3789333,629.4875667,630.303
HC,YTLPPSREEMTKNQVSL,3,665.4489,666.7141,666.7942333,666.8351333,666.8423333,666.9799,667.1131333,667.9329667
HC,EMTKNQVSL,2,525.6073333,526.6989667,526.7354333,526.7497,526.726,526.7377667,526.7947333,527.7682667
HC,VKGFYPSD,2,457.0026667,457.3824333,457.4390667,457.5512667,457.6553667,457.8343333,457.9221667,458.4509667
HC,VKGFYPSDIAV,2,598.7013,599.4623,599.5394,599.7746,599.8933,600.2207333,600.3764333,601.2593
HC,VKGFYPSDIAVE,2,663.2922667,664.1568333,664.2520333,664.5367333,664.6971,664.9572667,665.1068,665.9854667
HC,DSDGSF,1,627.5446333,628.1989,628.1977,628.2006333,628.2062,628.2996,628.5112667,629.2993333
HC,FLYSKL,2,385.9840667,385.9915,385.9962,385.9968333,385.9977,385.9954333,385.9918667,386.2690667
HC,YSKL,1,510.5198,510.5066,510.5194667,510.5230667,510.5087,510.5134667,510.4974667,510.8932667
HC,HEALHNHYTQKSLSLSPG,4,505.8073667,506.5832,506.6971,506.863,506.9035,507.0519333,507.2301,507.8339
LC,DIQM,1,506.5089333,507.5064667,507.6711333,507.7244,507.6969333,507.7113667,507.7431333,507.9502333
LC,DIQMTQSPSTL,2,611.1855667,612.7922,612.9478,613.0738667,613.1545,613.4809667,613.6754667,614.1528
LC,DIQMTQSPSTLSA,2,690.3050333,692.1952667,692.3519667,692.5996333,692.6751,693.0108667,693.2346333,694.0063667
LC,MTQSPSTL,2,721.0318333,434.0590333,578.5126667,578.7622,578.8128333,434.4909333,434.5695667,868.9336333
LC,TQSPSTL,1,733.7228,735.3366,735.5186,735.705,735.7955667,736.1593667,736.3913,736.844
LC,SASVGDRVTIT,2,553.6183333,554.3072667,554.4689667,554.7884,554.9183667,555.1562667,555.3932,556.1703333
LC,SASVGDRVTITCSA,2,684.2501667,684.9568333,685.1164333,685.4799,685.7021,686.1789667,686.5714,687.7845
LC,SASSRVGYMHW,3,427.8101333,428.3504,428.4439667,428.6599,428.7154,428.7403,428.7652667,429.3188
LC,SSRVGYMHW,2,562.1323333,562.6557,562.7469333,563.0378667,563.1096,563.1425667,563.1699333,563.8188333
LC,RVGYMHW,2,475.0452333,475.3370333,475.4131333,475.5347333,475.5574,475.5462667,475.5769,476.1253
LC,YQQKPGKAPK,3,382.3651667,383.0205333,383.2043,383.2698,383.2459,383.3611333,383.3593333,383.6961
LC,QQKPGKAPKL,3,365.7599667,366.3643333,366.4946333,366.6243333,366.6057333,366.6635,366.7237333,366.9121333
LC,APKLLIYDTSKLA,2,717.3120333,718.6128667,718.7197333,718.8621667,718.8767333,718.9339333,718.9733,719.6954
LC,LIYDTSKLASGVPSRFSGSGSGTE,3,806.5651667,808.2157333,808.3176333,808.6565333,808.9239667,809.2701333,809.7354667,810.8754333
LC,LIYDTSKLASGVPSRFSGSGSGTEF,3,855.6226,857.1777333,857.2617667,857.5762,857.8495333,858.1915667,858.6307333,859.9524667
LC,LIYDTSKLASGVPSRFSGSGSGTEFT,3,889.3405,890.9325667,891.0170333,891.3346333,891.6090333,891.9812333,892.4734667,894.0097
LC,ASGVPSRF,2,410.9601667,411.8690667,411.8907,412.0403333,412.1868333,412.3523333,412.5305,412.7873333
LC,ASGVPSRFSGSGSGTE,2,742.2596667,744.3347333,744.4762333,744.7779333,744.9479667,745.1907,745.4016667,746.3112333
LC,ASGVPSRFSGSGSGTEF,2,815.836,817.6433667,817.7724,818.0817,818.2556,818.4705333,818.6369333,819.6988667
LC,ASGVPSRFSGSGSGTEFT,2,866.3994667,868.2561,868.3889333,868.6912,868.8671,869.1025667,869.2656333,870.6594
LC,FTLTISSLQPDD,2,669.2347,669.4442,669.4827333,669.6666333,669.789,669.9332,670.0148667,670.5454667
LC,FTLTISSLQPDDF,2,742.8182,743.0568,743.1426,743.4845667,743.6457,743.7938,743.8660333,744.4124667
LC,TLTISSLQPDD,2,595.6426667,595.8432333,595.8692667,596.0722,596.1695333,596.2955333,596.3569,596.7609667
LC,TLTISSLQPDDF,2,669.2642,669.5175667,669.5785,669.9061,670.0438,670.2124,670.2733667,670.7162
LC,TLTISSLQPDDFAT,2,755.3596,755.6372333,755.7187,756.0427,756.2028333,756.3414,756.4113333,757.2459
LC,YYCF,1,595.5903667,595.592,595.6002333,595.5978667,595.6353667,595.6002333,595.6160333,595.9525667
LC,YCFQGSGYPFTFGGGTKVEIKRTVAAPSVF,4,804.9309,805.8301333,805.8916667,806.0224333,806.2113667,806.5194,806.6782333,808.7269667
LC,QGSGYPFTFGGGTKVEIKRTVAAPSV,4,664.7510667,665.7021,665.7567333,665.8618667,666.0116333,666.2220667,666.4093667,668.2828667
LC,EIKRTVAAPSV,2,586.1714667,587.5996333,587.6117333,587.7056667,587.8184667,587.9727333,588.1523667,589.3265667
LC,EIKRTVAAPSVF,2,659.7528,661.7561667,661.8136333,661.9015667,661.9225667,662.0343333,662.1618333,663.1696333
LC,IKRTVAAPSV,2,521.6169,523.0186,523.0327,523.1468333,523.2359667,523.4158667,523.5450667,524.3613667
LC,IKRTVAAPSVF,2,595.2279667,596.5434667,596.6123333,596.6736,596.7938333,596.9753333,597.1098,598.0548333
LC,FIFPPSD,1,822.9455333,823.3971667,823.5427667,823.8308,823.8857667,823.9556,823.9031333,824.2428
LC,FIFPPSDEQL,2,597.15935,597.5741667,597.6701333,598.0712,598.2785333,598.3776,598.3893667,598.6287
LC,FIFPPSDEQLKSGTAS,2,862.9502333,864.3293,864.5469667,865.0769667,865.2473,865.4984667,865.7534,866.6076333
LC,FIFPPSDEQLKSGTASV,2,912.5514333,913.7909333,914.1314,914.5908333,914.7673333,914.9499667,915.3291333,916.2429667
LC,IFPPSD,1,675.7790333,676.2549667,676.3816667,676.6071333,676.6789333,676.7244,676.7500333,676.8598
LC,IFPPSDEQL,2,523.6370667,524.0813333,524.1652667,524.5646667,524.7671333,524.8603,524.8772,525.0854333
LC,IFPPSDEQLKSGTAS,2,789.3599667,790.7967333,791.0462,791.5867667,791.7924667,791.9955667,792.3065333,793.1094
LC,IFPPSDEQLKSGTASV,2,838.924,840.2504,840.5475667,841.0285,841.2548,841.4995667,841.7326,842.6946667
LC,EQLKSGTASV,2,510.5708667,511.4880333,511.6685333,511.9062,511.9861333,512.0839,512.3736333,513.1219333
LC,LNNFYPREAKVQW,3,555.9471333,556.6425667,556.8776,557.1332333,557.1637333,557.2855,557.3747667,558.1995333
LC,LNNFYPREAKVQWKVDNALQSGNSQE,4,760.0934333,761.4607333,761.7414333,762.0248333,762.1111667,762.2771,762.4063667,763.7273
LC,AKVQWKVDNALQSGNSQE,2,1002.106667,1004.163667,1004.509,1005.041,1005.266333,1005.514,1005.596,1007.209333
LC,KVDNALQSGNSQE,2,695.7276,697.7317667,697.9564333,698.2366,698.3014667,698.5258333,698.5597333,699.1587667
LC,KVDNALQSGNSQESVTEQDSKDST,3,856.8669,858.9484667,859.2950667,859.8933667,860.0458,860.3834,860.6563,861.4984
LC,SVTEQDSKDSTYSL,2,780.8039333,781.6335,781.8036333,782.113,782.1908667,782.3660333,782.6007,784.0780667
LC,SVTEQDSKDSTYSLSST,2,918.4309333,919.3436667,919.5189667,919.8728,919.9898,920.2832333,920.6691333,922.7095667
LC,SVTEQDSKDSTYSLSSTL,2,975.0471667,975.9181,976.0994333,976.3517,976.5275667,976.7536,977.1212667,979.2863667
LC,YSLSS,1,556.5145333,556.5687333,556.5809667,556.5907333,556.6022333,556.6653667,556.9070333,558.0556
LC,YSLSST,1,657.6420333,657.7083667,657.7337667,657.7484333,657.8191,658.0961667,658.395,659.9296
LC,YSLSSTL,1,770.9085,771.0268333,771.0838667,771.1392667,771.1997667,771.4211,771.6927,773.0966667
LC,LTLSKADYEKHKVYACE,4,500.5807,500.9708333,501.037,501.0978333,501.1312667,501.2508,501.4393667,502.5110333
LC,TLSKADYEKHKVYACE,4,472.2851,472.6665333,472.7325667,472.789,472.8229667,472.9416667,473.1205333,474.0878
LC,VTHQGLSSPVTKSFNRGEC,4,512.8271333,513.8866,513.9583333,514.1279667,514.2399333,514.4303,514.5079667,515.0589