Peptide,0.0,15.0,60.0,180.0,600.0,1800.0,3600.0,7200.0,0.0_percent,15.0_percent,60.0_percent,180.0_percent,600.0_percent,1800.0_percent,3600.0_percent,7200.0_percent
AQVINTF,0.0,3.339822052229125,3.679897811562468,3.948751240240271,3.9999158473307057,3.999999999999069,4.0,4.0,0.0,47.71174360327321,52.56996873660669,56.41073200343244,57.141654961867225,57.14285714284385,57.14285714285714,57.14285714285714
AQVINTFDG,0.0,4.858263544732786,5.081432591807497,5.382111616187908,5.589522999723019,5.599998203071106,5.599999999995965,5.6000000000000005,0.0,53.98070605258651,56.46036213119441,59.801240179865644,62.105811108033535,62.222202256345625,62.22222222217738,62.22222222222222
AQVINTFDGVAD,0.0,5.781336560207823,6.262426041632956,6.842819634527391,7.249619679528748,7.423564003621786,7.58473200556971,7.784440620010099,0.0,48.17780466839852,52.18688368027463,57.02349695439493,60.413497329406226,61.86303336351489,63.20610004641425,64.87033850008416
AQVINTFDGVADY,0.0,5.909281089063092,6.666011058741518,7.556434382393732,8.09324455181511,8.324197226352732,8.517080748471118,8.699945874123404,0.0,45.4560083774084,51.277008144165514,58.126418326105636,62.25572732165469,64.03228635655948,65.51600575747014,66.92266057018004
NTFDGVAD,0.0,2.605247455832075,3.0624266794677686,3.6428196345273913,4.049619679528748,4.223564003621785,4.38473200556971,4.5844406200101,0.0,32.56559319790094,38.28033349334711,45.535245431592394,50.62024599410935,52.79455004527232,54.80915006962137,57.30550775012625
TFDGVAD,0.0,1.8052478806342205,2.2624266794677683,2.842819634527391,3.2496196795287475,3.4235640036217854,3.58473200556971,3.7844406200101,0.0,25.78925543763172,32.32038113525383,40.611709064677015,46.42313827898211,48.908057194596935,51.210457222424424,54.06343742871572
FDGVADY,0.0,1.1331924094894885,1.8660116965763303,2.7564343823937323,3.29324455181511,3.5241972263527312,3.7170807484711177,3.8999458741234037,0.0,16.188462992706977,26.65730995109043,39.37763403419618,47.04635074021586,50.34567466218187,53.1011535495874,55.71351248747719
YLQTYHKLPDN,0.0,4.955456432099704,5.570825470658473,6.030652463805437,6.347829571326712,6.399778158108399,6.399999938482719,6.399999999999995,0.0,45.04960392817913,50.64386791507703,54.82411330732215,57.70754155751556,58.17980143734908,58.18181762257018,58.18181818181814
YLQTYHKLPDNY,0.0,4.990729773049945,5.652203763135951,6.250795120119848,6.874180547817407,7.16775960266875,7.198718453617167,7.19999794724567,0.0,41.58941477541621,47.10169802613293,52.08995933433207,57.28483789847839,59.73133002223958,59.98932044680972,59.99998289371392
LQTYHKLPDNY,0.0,4.937948819494714,5.461069832785733,5.80347878434244,6.126348987147268,6.3679814445603515,6.398718515134448,6.399997947245675,0.0,44.89044381358831,49.64608938896121,52.75889803947673,55.6940817013388,57.89074040509411,58.17016831940407,58.181799520415225
YHKLPDN,0.0,3.1858809667361943,3.1999999227321485,3.2,3.2,3.2,3.2,3.2,0.0,45.51258523908849,45.714284610459266,45.714285714285715,45.714285714285715,45.714285714285715,45.714285714285715,45.714285714285715
YHKLPDNY,0.0,3.2211543076864353,3.2813782152096254,3.420142656314412,3.7263509764906964,3.967981444560351,3.9987185151344478,3.9999979472456744,0.0,40.26442884608044,41.017227690120315,42.75178320393015,46.5793872061337,49.59976805700439,49.983981439180596,49.99997434057093
LQTYHKLPDNYITKSEA,0.0,8.487971128465507,9.855629906418478,10.350279783379172,10.467081927880262,10.585097143290614,10.727368096015638,10.920773854170145,0.0,49.929241932150035,57.97429356716752,60.88399872575984,61.57107016400154,62.2652773134742,63.102165270680224,64.23984620100084
YLQTYHKLPDNYITKSEAQAL,0.0,9.479056373699441,11.402421872049668,12.729541878954539,13.550098225248838,13.709350847176868,13.804233066780952,13.956327298914552,0.0,45.13836368428305,54.297247009760326,60.61686609025971,64.5242772630897,65.28262308179461,65.73444317514739,66.45870142340262
YHKLPDNYITKSEA,0.0,6.771176616657226,7.675938288842372,7.966943655351145,8.06708391722369,8.185097143290614,8.327368096015638,8.520773854170145,0.0,48.365547261837335,54.82813063458837,56.90674039536532,57.62202798016921,58.464979594932956,59.48120068582598,60.86267038692961
YHKLPDNYITKSEAQAL,0.0,7.709480908335933,9.031596324123344,9.898889415149103,10.402268653922127,10.50957268906847,10.604233128298235,10.756327298914556,0.0,45.349887696093724,53.127037200725546,58.22876126558296,61.18981561130663,61.82101581804983,62.37784193116609,63.272513523026795
ITKSEAQALGWVASKGNL,0.0,7.759102413114113,9.747623023215896,11.530262058996378,12.705042937521906,12.799864691557943,12.799999989433898,12.8,0.0,43.10612451730063,54.153461240088305,64.05701143886877,70.58357187512169,71.11035939754413,71.11111105241055,71.11111111111111
ITKSEAQALGWVASKGNLAD,0.0,9.227002048952931,11.153851167421708,12.758403154876952,13.981166940981305,14.338584453198377,14.395304944275075,14.39997244568812,0.0,46.13501024476466,55.769255837108545,63.79201577438476,69.90583470490652,71.69292226599188,71.97652472137538,71.99986222844059
GWVASKGNL,0.0,4.3580954260687035,5.0036847818042185,5.352836533834359,5.5841086653511605,5.599993729514818,5.599999999950851,5.6000000000000005,0.0,48.42328251187448,55.596497575602434,59.47596148704844,62.04565183723511,62.222152550164644,62.22222222167613,62.22222222222222
WVASKGNL,0.0,3.627610122153884,4.203730389334228,4.552836533834507,4.784108665351161,4.799993729514817,4.799999999950852,4.800000000000001,0.0,45.34512652692355,52.546629866677854,56.91045667293134,59.801358316889505,59.99992161893522,59.99999999938564,60.00000000000001
ADVAPGKSIGGDIFS,0.0,5.996414838752583,7.485584623187726,8.542912621514704,9.306721122228362,9.569539635535738,9.598841218205678,9.599998321531572,0.0,39.97609892501722,49.90389748791817,56.95275081009803,62.04480748152241,63.79693090357159,63.992274788037854,63.99998881021048
IFSNREGKLPGKSGRTWREADINY,0.0,12.474039503324082,13.52438189445602,14.969146763395564,16.328013760135352,16.751568077500107,16.797189371990736,16.79999012995034,0.0,51.97516459718368,56.35159122690009,62.37144484748151,68.03339066723063,69.79820032291711,69.98828904996141,69.9999588747931
FSNREGKLPGKSGRTWREADINY,0.0,11.674039503324082,12.72438189445602,14.169146763395563,15.528013760135352,15.951568077500108,15.997189371990736,15.99999012995034,0.0,50.7566934927134,55.323399541113126,61.6049859278068,67.51310330493631,69.35464381521787,69.55299726952494,69.56517447804495
REGKLPGKSGRTWREADINY,0.0,9.274039503324081,10.32438189445602,11.769146763395563,13.128013760135353,13.551568077500107,13.597189371990735,13.59999012995034,0.0,46.3701975166204,51.621909472280095,58.84573381697782,65.64006880067677,67.75784038750054,67.98594685995367,67.99995064975171
INYTSGFRNSD,0.0,6.432949739444196,6.523877669923421,6.717057012379126,7.051254816477641,7.194857802396959,7.199966947254764,7.199999998634396,0.0,58.481361267674515,59.307978817485655,61.064154657992056,64.1023165134331,65.40779820360872,65.45424497504331,65.45454544213088
INYTSGFRNSDRIL,0.0,7.15566511930918,7.247304573356579,7.337556896782274,7.612550365962953,8.151457083590072,8.600273349201842,9.04268986075053,0.0,51.111893709351286,51.76646123826127,52.41112069130196,54.37535975687824,58.2246934542148,61.43052392287031,64.59064186250379
TSGFRNSDRIL,0.0,4.755665139938653,4.847304573356578,4.937556896782276,5.2125503659629535,5.751457083590072,6.200273349201842,6.642689860750529,0.0,43.233319453987754,44.06640521233252,44.88688087983887,47.386821508754124,52.28597348718247,56.36612135638038,60.388089643186625
SGFRNSDRIL,0.0,3.9556651399386533,4.047304573356578,4.137556896782275,4.412550365962953,4.951457083590071,5.400273349201842,5.8426898607505295,0.0,39.55665139938653,40.473045733565776,41.37556896782275,44.12550365962953,49.51457083590071,54.002733492018415,58.426898607505294
GFRNSDRIL,0.0,3.1556651399386535,3.247304573356578,3.3375568967822753,3.612550365962953,4.1514570835900715,4.600273349201841,5.04268986075053,0.0,35.06294599931837,36.0811619261842,37.08396551980306,40.139448510699474,46.12730092877857,51.11414832446491,56.029887341672556
RILYSSDW,0.0,2.022294776589994,2.815806231327358,3.6168685817077524,4.247736120175396,4.6192709018496485,4.759359581447468,4.797935467644681,0.0,25.278684707374925,35.197577891591976,45.2108572713469,53.096701502192445,57.74088627312061,59.49199476809335,59.97419334555851
RILYSSDWL,0.0,2.4870515701244584,3.690979861426211,4.674550816455723,5.432396869477658,5.597914487213885,5.5999963052574175,5.599999999984833,0.0,27.633906334716208,41.010887349180116,51.939453516174694,60.35996521641842,62.19904985793205,62.222181169526856,62.2222222220537
WLIYKTTDHY,0.0,2.628398678092839,3.701876069616688,4.51085641792451,5.603690226299696,6.231247288429273,6.375750854315406,6.399344135216697,0.0,26.28398678092839,37.01876069616688,45.1085641792451,56.03690226299696,62.31247288429274,63.75750854315406,63.99344135216697
WLIYKTTDHYQT,0.0,4.211750111410711,5.722993355194837,6.651851948221283,7.480859666205035,7.86453208003152,7.9771357010054205,7.999346532467141,0.0,35.097917595089264,47.69161129329031,55.43209956851069,62.34049721837529,65.537767333596,66.47613084171184,66.66122110389284
WLIYKTTDHYQTF,0.0,5.12773476881711,6.6896314457890105,7.489470668627131,8.280900031890898,8.664532080031622,8.77713570100542,8.79934653246714,0.0,39.444113606285455,51.45870342914623,57.61131283559332,63.69923101454537,66.65024676947401,67.51642846927246,67.68728101897801
LIYKTTDHYQTF,0.0,4.655480202668836,5.912167435634273,6.6894885520209675,7.480900031890897,7.864532080031622,7.9771357010054205,7.999346532467141,0.0,38.79566835557364,49.26806196361894,55.74573793350807,62.34083359909081,65.53776733359685,66.47613084171184,66.66122110389284
IYKTTDHYQTF,0.0,4.590572932600702,5.682461103368406,6.17930009176698,6.708012909351026,7.064563222057389,7.177135702217703,7.199346532467141,0.0,41.73248120546093,51.65873730334914,56.17545537969983,60.981935539554776,64.22330201870354,65.24668820197913,65.44860484061037
KTTDHYQTF,0.0,4.5250999224661115,5.442280423497149,5.596476401338998,5.599999989080366,5.6000000000000005,5.6000000000000005,5.6000000000000005,0.0,50.27888802740124,60.46978248330165,62.18307112598887,62.22222210089296,62.22222222222222,62.22222222222222,62.22222222222222
LIYKTTDHYQTFTKIR,0.0,7.029604212661539,8.754271575382978,9.809277826828671,10.680505703014251,11.064532079935809,11.17713570100542,11.19934653246714,0.0,43.935026329134615,54.714197346143614,61.307986417679196,66.75316064383907,69.15332549959881,69.85709813128388,69.99591582791963
IYKTTDHYQTFTKIR,0.0,6.964696942593406,8.524565243117111,9.299089366574684,9.907618580474377,10.264563221961575,10.377135702217704,10.399346532467142,0.0,46.431312950622704,56.830434954114075,61.993929110497895,66.05079053649585,68.43042147974383,69.18090468145137,69.32897688311428
YKTTDHYQTFTKIR,0.0,6.9109867219087455,8.33040813164547,8.846545569553529,9.157253835944479,9.464754291216712,9.577135747852028,9.599346532467143,0.0,49.36419087077675,59.502915226039065,63.18961121109663,65.40895597103199,67.60538779440509,68.40811248465734,68.56676094619388
KTTDHYQTFTKIR,0.0,6.899223932458816,8.284384563245855,8.716265676146701,8.799605660203719,8.799999999904188,8.8,8.8,0.0,53.07095332660627,63.726035101891185,67.04819750882078,67.68927430925937,67.69230769157068,67.6923076923077,67.6923076923077
