Peptide,0.0,30.0,60.0,3600.0,14000.0,100000.0,0.0_percent,30.0_percent,60.0_percent,3600.0_percent,14000.0_percent,100000.0_percent
YTRYVDNNFCGPDGYPLECI,0.0,12.740565373219056,12.795584406424263,12.8,12.8,12.8,0.0,63.70282686609527,63.97792203212131,64.0,64.0,64.0
IKDLLARAGKASCTLS,0.0,11.19728983501481,11.199990818757193,11.200000000000001,11.200000000000001,11.200000000000001,0.0,69.98306146884256,69.99994261723246,70.0,70.0,70.0
KDLLARAGKASCTLSEQLD,0.0,13.56263151892824,13.598254495777988,13.600000000000001,13.600000000000001,13.600000000000001,0.0,71.38227115225389,71.56976050409467,71.57894736842107,71.57894736842107,71.57894736842107
KDLLARAGKASCTLSEQLDF,0.0,14.224736214169997,14.361603256720668,14.4,14.4,14.4,0.0,71.12368107084998,71.80801628360334,72.0,72.0,72.0
KDLLARAGKASCTLSEQLDFI,0.0,14.857159400392465,15.053075404075933,15.200000000000001,15.200000000000001,15.200000000000001,0.0,70.74837809710698,71.68131144798063,72.3809523809524,72.3809523809524,72.3809523809524
RAGKASCTLS,0.0,6.39728983501481,6.399990818757192,6.4,6.4,6.4,0.0,63.9728983501481,63.99990818757192,64.0,64.0,64.0
RAGKASCTLSEQLDFIDTKRGVYC,0.0,17.59999999187121,17.6,17.6,17.6,17.6,0.0,73.33333329946338,73.33333333333334,73.33333333333334,73.33333333333334,73.33333333333334
EQLDFIDTKRGVYC,0.0,9.59999999187121,9.600000000000001,9.600000000000001,9.600000000000001,9.600000000000001,0.0,68.57142851336579,68.57142857142858,68.57142857142858,68.57142857142858,68.57142857142858
FIDTKRGVYCCREHEHEIAWY,0.0,15.04486611872284,15.169916848599858,15.200000000000001,15.200000000000001,15.200000000000001,0.0,71.6422196129659,72.23769927904694,72.3809523809524,72.3809523809524,72.3809523809524
IDTKRGVYC,0.0,5.599999991871209,5.6000000000000005,5.6000000000000005,5.6000000000000005,5.6000000000000005,0.0,62.22222213190231,62.22222222222222,62.22222222222222,62.22222222222222,62.22222222222222
DTKRGVYCCREHEHEIAWY,0.0,13.44486611872284,13.569916848599858,13.600000000000001,13.600000000000001,13.600000000000001,0.0,70.762453256436,71.42061499263083,71.57894736842107,71.57894736842107,71.57894736842107
CREHEHEIAWY,0.0,7.04486611872284,7.169916848599858,7.2,7.2,7.2,0.0,64.04423744293491,65.1810622599987,65.45454545454545,65.45454545454545,65.45454545454545
TERSEKSYEL,0.0,6.019983510494903,6.219484334630278,6.4,6.4,6.4,0.0,60.19983510494903,62.194843346302775,64.0,64.0,64.0
QTPFEIKLA,0.0,4.729304011550062,4.793752596521358,4.800000000000001,4.800000000000001,4.800000000000001,0.0,52.54782235055625,53.2639177391262,53.33333333333334,53.33333333333334,53.33333333333334
KLAKKFDTFNGECPNFVFPLNSI,0.0,15.014290030316694,15.15688975895028,15.200000000000001,15.200000000000001,15.200000000000001,0.0,65.27952187094215,65.89952069108817,66.08695652173914,66.08695652173914,66.08695652173914
KKFDTFNGECPNFVFPLNSI,0.0,12.614290030316692,12.756889758950281,12.8,12.8,12.8,0.0,63.07145015158346,63.784448794751405,64.0,64.0,64.0
IKTIQPRVEKKKLDGFM,0.0,11.190728330871286,11.19989254518946,11.200000000000001,11.200000000000001,11.200000000000001,0.0,65.82781371100756,65.88172085405564,65.88235294117648,65.88235294117648,65.88235294117648
GRIRSVYPVASPNECNQM,0.0,11.198221884373675,11.199996047881028,11.200000000000001,11.200000000000001,11.200000000000001,0.0,62.21234380207598,62.222200266005714,62.22222222222222,62.22222222222222,62.22222222222222
RIRSVYPVASPNECNQM,0.0,10.398221884373676,10.399996047881027,10.4,10.4,10.4,0.0,61.16601108455103,61.17644734047663,61.1764705882353,61.1764705882353,61.1764705882353
TLMKCDHCGETSWQTGDFV,0.0,13.276014409719137,13.468791671612951,13.600000000000001,13.600000000000001,13.600000000000001,0.0,69.87376005115335,70.88837721901552,71.57894736842107,71.57894736842107,71.57894736842107
TLMKCDHCGETSWQTGDFVKATCEF,0.0,18.24326120244454,18.369291186676087,18.400000000000002,18.400000000000002,18.400000000000002,0.0,72.97304480977816,73.47716474670435,73.60000000000001,73.60000000000001,73.60000000000001
KCDHCGETSWQTGDF,0.0,10.224736214169997,10.36160325672067,10.4,10.4,10.4,0.0,68.16490809446665,69.07735504480446,69.33333333333334,69.33333333333334,69.33333333333334
KCDHCGETSWQTGDFVKATCEF,0.0,15.843261202444538,15.969291186676086,16.0,16.0,16.0,0.0,72.01482364747517,72.58768721216403,72.72727272727273,72.72727272727273,72.72727272727273
KATCEF,0.0,3.0432612024445365,3.1692911866760842,3.2,3.2,3.2,0.0,50.72102004074227,52.82151977793473,53.333333333333336,53.333333333333336,53.333333333333336
KATCEFC,0.0,3.999999995379893,4.0,4.0,4.0,4.0,0.0,57.14285707685561,57.14285714285714,57.14285714285714,57.14285714285714,57.14285714285714
CGTENLTKEGATTCGYLPQNAV,0.0,14.833868895502121,15.032435017898957,15.200000000000001,15.200000000000001,15.200000000000001,0.0,67.42667679773692,68.3292500813589,69.0909090909091,69.0909090909091,69.0909090909091
KEGATTCGYLPQNAV,0.0,9.233868895502123,9.432435017898955,9.600000000000001,9.600000000000001,9.600000000000001,0.0,61.55912597001415,62.882900119326365,64.00000000000001,64.00000000000001,64.00000000000001
TILRKGGRTIAFGGCVFS,0.0,12.799981367315162,12.79999999956603,12.8,12.8,12.8,0.0,71.11100759619534,71.11111110870016,71.11111111111111,71.11111111111111,71.11111111111111
KGGRTIAFGGCVFS,0.0,9.599981367315163,9.599999999566029,9.600000000000001,9.600000000000001,9.600000000000001,0.0,68.57129548082258,68.57142856832877,68.57142857142858,68.57142857142858,68.57142857142858
EILQKEKVNINIVGDFKLNEEIAI,0.0,17.215514736950063,17.415213853121966,17.6,17.6,17.6,0.0,71.7313114039586,72.56339105467485,73.33333333333334,73.33333333333334,73.33333333333334
SFSASTSAF,0.0,5.518659566197434,5.591729667286014,5.6000000000000005,5.6000000000000005,5.6000000000000005,0.0,61.31843962441593,62.13032963651126,62.22222222222222,62.22222222222222,62.22222222222222
SFSASTSAFV,0.0,6.076014409719136,6.26879167161295,6.4,6.4,6.4,0.0,60.76014409719136,62.6879167161295,64.0,64.0,64.0
VETVKGLDYKAFKQIVESCGNF,0.0,15.993256682709998,15.999943159589913,16.0,16.0,16.0,0.0,72.69662128504545,72.72701436177233,72.72727272727273,72.72727272727273,72.72727272727273
ETVKGLDY,0.0,4.603419274669343,4.751695023035591,4.800000000000001,4.800000000000001,4.800000000000001,0.0,57.54274093336679,59.39618778794489,60.00000000000001,60.00000000000001,60.00000000000001
ETVKGLDYKAFKQIVESCGNFK,0.0,15.987389982359813,15.999801234318898,16.0,16.0,16.0,0.0,72.66995446527189,72.72636924690408,72.72727272727273,72.72727272727273,72.72727272727273
VTKGKAKKGAWNIGEQKSILS,0.0,15.197289835014812,15.199990818757193,15.200000000000001,15.200000000000001,15.200000000000001,0.0,72.36804683340387,72.38090866074855,72.3809523809524,72.3809523809524,72.3809523809524
ASEAARVVRSIFS,0.0,8.799981367315162,8.79999999956603,8.8,8.8,8.8,0.0,67.69216436396277,67.69230768896945,67.6923076923077,67.6923076923077,67.6923076923077
RTLETAQNSVRVLQKAAITILD,0.0,15.96263151892824,15.998254495777989,16.0,16.0,16.0,0.0,72.55741599512837,72.71933861717268,72.72727272727273,72.72727272727273,72.72727272727273
GISQYSLRLIDAMMF,0.0,10.357913926502446,10.397785953021984,10.4,10.4,10.4,0.0,69.0527595100163,69.31857302014656,69.33333333333334,69.33333333333334,69.33333333333334
TSDLATNNLV,0.0,5.90593440704836,6.094873987326681,6.4,6.4,6.4,0.0,59.0593440704836,60.94873987326681,64.0,64.0,64.0
TSDLATNNLVVMA,0.0,8.794969460858036,8.799968367094927,8.8,8.8,8.8,0.0,67.6536112373695,67.69206436226867,67.6923076923077,67.6923076923077,67.6923076923077
RDGWEIVKFI,0.0,6.0571594003922655,6.253075404075933,6.4,6.4,6.4,0.0,60.571594003922655,62.53075404075933,64.0,64.0,64.0
STCACEI,0.0,3.5255537783342272,3.7186259784338405,4.0,4.0,4.0,0.0,50.36505397620324,53.123228263340586,57.14285714285714,57.14285714285714,57.14285714285714
TCACEIV,0.0,3.4950999931276963,3.681344978825439,4.0,4.0,4.0,0.0,49.92999990182423,52.59064255464912,57.14285714285714,57.14285714285714,57.14285714285714
ACEIVGGQIVTCAKEIKESVQTFF,0.0,17.54311806469834,17.59595555679548,17.6,17.6,17.6,0.0,73.09632526957643,73.31648148664783,73.33333333333334,73.33333333333334,73.33333333333334
EIVGGQIVTCAKEIKESVQTFF,0.0,15.943118064698343,15.99595555679548,16.0,16.0,16.0,0.0,72.46871847590157,72.7088888945249,72.72727272727273,72.72727272727273,72.72727272727273
KLVNKFLALC,0.0,6.399967597854797,6.399999998687626,6.4,6.4,6.4,0.0,63.99967597854796,63.99999998687627,64.0,64.0,64.0
SIIIGGAKLKALNLGETF,0.0,12.778638274436751,12.799429595851329,12.8,12.8,12.8,0.0,70.99243485798196,71.10794219917405,71.11111111111111,71.11111111111111,71.11111111111111
VTHSKGLYRKCVKSREETGLLM,0.0,15.925714860163374,15.993102147499318,16.0,16.0,16.0,0.0,72.38961300074261,72.69591885226963,72.72727272727273,72.72727272727273,72.72727272727273
EEVVLKTGDLQPLEQPTSEA,0.0,12.751633485936352,12.797075850396665,12.8,12.8,12.8,0.0,63.75816742968177,63.98537925198332,64.0,64.0,64.0
VVLKTGDLQPLEQPTSEA,0.0,11.151633485936355,11.197075850396665,11.200000000000001,11.200000000000001,11.200000000000001,0.0,61.95351936631308,62.205976946648136,62.22222222222222,62.22222222222222,62.22222222222222
VEAPLVGTPVCINGLMLL,0.0,9.883990573490184,10.191880007565222,10.49058202327224,10.698654131230315,11.1715927664903,0.0,54.91105874161213,56.621555597584575,58.281011240401334,59.43696739572397,62.06440425827944
EIKDTEKYCALAPNMM,0.0,5.957608885179848,6.404588226712665,9.754472213695761,10.124541320073787,10.399605860455527,0.0,37.23505553237405,40.028676416954156,60.96545133559851,63.27838325046117,64.99753662784704
IKDTEKYCALAPNMM,0.0,5.93736768858971,6.364617966081642,8.991414684644306,9.324546439600411,9.599605860455526,0.0,39.58245125726474,42.43078644054428,59.94276456429538,62.163642930669404,63.997372403036834
VTNNTFTLKGG,0.0,4.819058279110688,5.661719921132018,7.1999998472119575,7.2,7.2,0.0,43.809620719188075,51.47018110120016,65.45454406556324,65.45454545454545,65.45454545454545
