Peptide,0s,30s_%D2O,60s_%D2O,300s_%D2O,900s_%D2O,3600s_%D2O,14400s_%D2O
QVTLRESGPA,0,4.356866667,4.3314,4.2332,4.262,4.286333333,4.480133333
RESGPALVKPTQT,0,2.259933333,2.642,3.375333333,3.587666667,4.074066667,4.523
RESGPALVKPTQTLTL,0,2.7153,3.1358,3.8715,4.1071,4.4989,4.9545
TCTFSG,0,0.7188,0.8543333333,1.030766667,1.146433333,1.232966667,1.481833333
TCTFSGF,0,0.7430333333,0.8063666667,1.1967,1.483833333,1.769166667,2.0524
FSGF,0,0.5497333333,0.6011,0.7533333333,0.906,1.0808,1.1236
FSLSTAGM,0,2.515466667,2.7477,3.040233333,3.064433333,3.1532,3.2313
FSLSTAGMSVGWIRQPPGKA,0,3.9049,4.2636,4.5457,4.5239,4.6209,4.6927
FSLSTAGMSVGWIRQPPGKAL,0,3.7841,4.1924,4.4829,4.4736,4.6616,4.9594
FSLSTAGMSVGWIRQPPGKALE,0,3.8643,4.2359,4.5121,4.4725,4.6351,4.9919
FSLSTAGMSVGWIRQPPGKALEWL,0,3.8012,4.3705,4.961,4.9383,5.0913,5.46445
SLSTAGMS,0,2.093933333,2.27,2.7867,2.846933333,2.800266667,2.896033333
SLSTAGMSVGWIRQPPGKA,0,3.2991,3.6097,3.9664,4.0397,4.0646,4.192
SLSTAGMSVGWIRQPPGKAL,0,3.2431,3.5923,3.9277,3.9455,4.0999,4.4408
SLSTAGMSVGWIRQPPGKALE,0,3.2395,3.5857,3.8595,3.8674,4.0447,4.4172
SLSTAGMSVGWIRQPPGKALEWL,0,3.2064,3.6664,4.2263,4.2423,4.4331,4.6793
SVGWIRQPPGKA,0,1.731,1.8861,1.8987,1.859,1.8782,1.9453
SVGWIRQPPGKAL,0,1.6824,1.8422,1.8614,1.8425,1.9564,2.2572
SVGWIRQPPGKALE,0,1.7052,1.8604,1.9174,1.9008,2.0189,2.3228
SVGWIRQPPGKALEWL,0,1.8014,2.1025,2.4427,2.4213,2.5821,2.8612
SVGWIRQPPGKALEWLAD,0,1.9417,2.2523,2.4788,2.4742,2.5398,2.7473
VGWIRQPPGKA,0,1.6756,1.8496,1.8348,1.8026,1.8448,1.862
VGWIRQPPGKALE,0,1.7039,1.8892,1.8844,1.8428,2.0009,2.2968
VGWIRQPPGKALEW,0,1.8327,1.9793,2.3988,2.3717,2.5318,2.7979
VGWIRQPPGKALEWL,0,1.755,2.0526,2.3893,2.3744,2.5288,2.8468
GWIRQPPGKAL,0,1.6049,1.821,1.7982,1.8043,1.9073,2.2884
GWIRQPPGKALE,0,1.565,1.7679,1.7974,1.7654,1.8565,2.2704
WIRQPPGKA,0,1.616533333,1.773466667,1.7868,1.732533333,1.8084,1.824066667
WIRQPPGKALEWL,0,1.7199,2.027,2.35,2.3382,2.4913,2.7766
IRQPPGKALE,0,1.7706,2.0078,2.1094,2.0568,2.141,2.5241
IRQPPGKALEWL,0,1.7185,2.0033,2.3365,2.347,2.478,2.7791
LEWL,0,0.1923333333,0.3268,0.6405333333,0.6491333333,0.6617666667,0.6764
LEWLAD,0,0.2443,0.4005,0.6598666667,0.6998333333,0.6677333333,0.6963666667
EWLAD,0,0.08043333333,0.08593333333,0.0723,0.0908,0.1007666667,0.1343
WLAD,0,0.05596666667,0.0694,0.0603,0.0751,0.0523,0.08556666667
WLADI,0,0.0841,0.08696666667,0.04583333333,0.04513333333,0.0454,0.07026666667
ADIWWDDKKHYNPSLKDRL,0,1.763833333,2.2805,3.333,3.733333333,4.289,4.775166667
WWDDKKHYNPSLKDRL,0,1.8697,2.3326,3.373,3.8041,4.2442,4.5755
KDRLTISKDTSKNQVVL,0,3.257466667,3.613066667,4.422266667,4.677466667,4.818266667,4.907466667
RLTISKDTSKNQVVL,0,2.9957,3.22,3.5952,3.6204,3.6935,3.7666
SKDTSKNQVVL,0,2.338,2.4416,2.778933333,2.758933333,2.873066667,2.969066667
KVTNMDPADTATY,0,0.9952666667,1.130466667,1.321133333,1.4092,1.801333333,2.267666667
YYCARD,0,0.1203333333,0.1548666667,0.1411333333,0.1430666667,0.1595333333,0.1878
YYCARDMIF,0,0.6064666667,0.7244,0.7610666667,0.8846,1.174333333,1.562266667
YCARDMIF,0,0.4745333333,0.5338,0.6169333333,0.7810666667,1.039066667,1.470866667
YCARDMIFNF,0,0.8998,1.206533333,1.434466667,1.695933333,2.305466667,2.767533333
CARDMIFNF,0,0.8683333333,1.0966,1.380266667,1.613933333,2.190266667,2.640666667
ARDMIFNF,0,0.771,0.9986,1.230533333,1.425,2.0666,2.3514
MIFNF,0,0.8529333333,1.127166667,1.357233333,1.500533333,1.849166667,1.918166667
YFDVWGQGTTV,0,0.8810666667,1.0802,1.430466667,1.517266667,1.748333333,2.150866667
YFDVWGQGTTVT,0,1.0736,1.2522,1.670266667,1.809933333,2.087333333,2.5636
YFDVWGQGTTVTVSSASTKGPSVFPLAPSSKSTSGGTAAL,0,6.5476,7.104666667,7.833466667,8.366,9.3236,10.54973333
FDVWGQGTTVT,0,0.9893333333,1.1608,1.5324,1.6554,1.9166,2.3454
TVTVSSASTKGPSVFP,0,3.2263,3.5544,4.1863,4.5034,4.9787,5.3576
VSSASTKGPSVF,0,2.580466667,2.727466667,2.970666667,2.878333333,3.0556,3.449466667
VSSASTKGPSVFPLAPSSKSTSGGTAAL,0,6.2253,6.3929,6.835,7.4529,8.1531,8.7461
PLAPSSKSTSGGTAAL,0,4.124533333,4.174666667,4.802333333,5.1166,5.7086,6.1418
LVKDYFPEPVT,0,0.2916666667,0.4050666667,0.9532666667,1.385266667,1.882133333,2.3644
VKDYFPEPVT,0,0.2661333333,0.3918666667,0.9062,1.2712,1.836066667,2.208266667
VKDYFPEPVTVSW,0,1.488933333,1.8158,2.429,2.7562,3.251066667,3.636
VKDYFPEPVTVSWNSGALTSGVHTFPAVL,0,6.161,7.076,8.554,8.952,9.778,10.565
VSWNSGAL,0,2.1498,2.665533333,3.3564,3.328666667,3.4956,3.5232
VSWNSGALTSGVHTFPAVL,0,4.991266667,5.918066667,6.889933333,7.079,7.393,7.910533333
NSGALTSGVHTFPAVL,0,4.084133333,4.535866667,5.1676,5.161,5.5024,6.064133333
ALTSGVHTFPAVL,0,2.7416,2.978266667,3.383933333,3.343466667,3.583466667,4.145333333
LTSGVHTFPAVL,0,2.028933333,2.3522,2.696533333,2.693133333,2.927866667,3.4218
TSGVHTFPAVL,0,1.691466667,1.980266667,2.345066667,2.3422,2.6034,3.1198
HTFPAVL,0,1.112733333,1.339566667,1.311833333,1.389766667,1.4868,1.741333333
QSSGL,0,0.6969,0.8859333333,1.099233333,1.129466667,1.366333333,1.671466667
YSLSSV,0,0.05753333333,0.06466666667,0.06796666667,0.09586666667,0.1267,0.3579
VVTVPSSSL,0,2.331733333,2.420433333,2.449666667,2.402833333,2.5886,2.962866667
VVTVPSSSLGTQT,0,4.673,4.810466667,4.856466667,4.750866667,5.021533333,5.410133333
VTVPSSSL,0,2.325866667,2.379366667,2.434233333,2.3811,2.437966667,2.597633333
VTVPSSSLGTQT,0,4.725466667,4.8324,4.865,4.742533333,4.877,5.030733333
SLGTQTYICNV,0,4.870666667,5.049533333,5.049333333,4.887266667,5.056133333,5.353533333
YICNVNHKPSNTKVDKRVEPKSCDKTH,0,3.9134,4.3592,4.4464,4.5584,4.6544,5.2764
LGGPSVF,0,0.595,0.6796333333,1.039533333,1.380566667,1.6817,1.750333333
FLFPPKPKDTL,0,0.9654,1.1763,1.7441,2.1813,2.6569,2.7766
FLFPPKPKDTLM,0,0.9849,1.2191,1.9261,2.4906,3.1163,3.2274
LFPPKPKDTL,0,1.0473,1.263,1.8082,2.2851,2.8719,2.9768
LFPPKPKDTLM,0,0.9946,1.2415,1.9514,2.5405,3.201,3.2704
ISRTPEVTC,0,1.308266667,1.410666667,1.546,1.6042,1.7728,2.033133333
VVVDVSHEDPEVKFNW,0,1.8584,2.215,2.7689,2.9291,3.5229,4.5975
VVDVSHEDPEVKFNW,0,1.9846,2.3408,2.9803,3.0793,3.6664,4.6163
VSHEDPEVKFNW,0,1.5852,1.8757,2.1501,2.2102,2.6045,3.2841
RVVSVL,0,0.0996,0.1510666667,0.1453666667,0.1300333333,0.2605666667,0.3757666667
GQPREPQV,0,1.578,1.9788,2.536533333,2.608133333,2.8216,2.873333333
YTLPPSRE,0,1.3874,1.4482,1.496866667,1.530133333,1.708466667,2.012133333
YTLPPSREEM,0,1.601466667,1.574,1.777133333,2.013733333,2.394533333,2.900066667
YTLPPSREEMTKNQVS,0,4.1858,4.3687,4.5678,4.5469,5.0229,5.3488
YTLPPSREEMTKNQVSL,0,3.7956,4.036,4.1587,4.1803,4.593,4.9927
EMTKNQVSL,0,2.183266667,2.2562,2.284733333,2.237333333,2.260866667,2.3748
VKGFYPSD,0,0.7595333333,0.8728,1.0972,1.3054,1.663333333,1.839
VKGFYPSDIAV,0,1.522,1.6762,2.1466,2.384,3.038866667,3.350266667
VKGFYPSDIAVE,0,1.729133333,1.919533333,2.488933333,2.809666667,3.33,3.629066667
DSDGSF,0,0.6542666667,0.6530666667,0.656,0.6615666667,0.7549666667,0.9666333333
FLYSKL,0,0.01486666667,0.02426666667,0.02553333333,0.02726666667,0.02273333333,0.0156
YSKL,0,-0.0132,-0.0003333333333,0.003266666667,-0.0111,-0.006333333333,-0.02233333333
HEALHNHYTQKSLSLSPG,0,3.103333333,3.558933333,4.222533333,4.384533333,4.978266667,5.690933333