Peptide,0.0,30.0,60.0,300.0,900.0,3600.0,14400.0,84600.0,0.0_percent,30.0_percent,60.0_percent,300.0_percent,900.0_percent,3600.0_percent,14400.0_percent,84600.0_percent,0.0s_noised_1,0.0s_noised_2,0.0s_noised_3,30.0s_noised_1,30.0s_noised_2,30.0s_noised_3,60.0s_noised_1,60.0s_noised_2,60.0s_noised_3,300.0s_noised_1,300.0s_noised_2,300.0s_noised_3,900.0s_noised_1,900.0s_noised_2,900.0s_noised_3,3600.0s_noised_1,3600.0s_noised_2,3600.0s_noised_3,14400.0s_noised_1,14400.0s_noised_2,14400.0s_noised_3,84600.0s_noised_1,84600.0s_noised_2,84600.0s_noised_3,Avg_Likelihood,Overall_Likelihood
MAPLR,0.0,1.4406769181405377,1.6208841637822609,1.6999940619833527,1.6999999999999995,1.7,1.7,1.7,0.0,28.813538362810753,32.41768327564522,33.999881239667054,33.99999999999999,34.0,34.0,34.0,0.043841258883590785,-0.030295283545596654,-0.016095424230602777,1.42491267430592,1.4548449578649798,1.4936747911839974,1.6625838318355208,1.651270546640449,1.5973187372094226,1.7294076399562002,1.6501073092688603,1.7236284549292922,1.7581192242797403,1.7660598163135792,1.6643668935520606,1.6844713829594535,1.6645718953055637,1.6992416410915314,1.6895407577987898,1.6539121325797377,1.7401765489312493,1.7957765386220568,1.752995794599774,1.7459978228986561,,
TAVLK,0.0,0.000790883943506735,0.0015812603367291534,0.007886045517927025,0.023507279006040663,0.09138719381817338,0.32767698019247377,1.106809605886826,0.0,0.015817678870134702,0.031625206734583064,0.1577209103585405,0.4701455801208133,1.8277438763634677,6.553539603849476,22.13619211773652,-0.0525797524995034,0.033463374630558575,-0.11041713631877358,-0.04131564623488955,-0.07001428993317026,0.047076180621854646,-0.00058938335897127,0.016106413753156378,-0.004373348008387275,-0.10300020240807696,-0.1112956132665734,-0.10861148495320334,0.13265008760069572,0.005075762133477994,0.057843683493310066,0.10487609884641794,0.080309562945009,0.10909202362980744,0.352300123093457,0.37158315977176626,0.27737566099828187,1.0583216661993986,1.042099401160919,1.13345786635764,,
LYVAGNTPNSVR,0.0,2.648639978508175,3.021111274292948,3.6093026725236688,4.029592555311069,4.673732573902255,5.410948611827352,6.654362874922015,0.0,22.071999820901457,25.175927285774563,30.07752227103057,33.57993796092558,38.94777144918546,45.091238431894595,55.453023957683456,-0.03750487671545297,-0.06216691901806246,0.1006744532489869,2.5667226761958637,2.7313528833622325,2.6373273833359128,3.040103710301003,2.973466509867116,3.081891517846158,3.5516665870205526,3.576486577350087,3.608439597609666,4.007552434734531,4.033576899572604,4.011640291292228,4.6508558535026125,4.680374241966354,4.643257102167707,5.460087146066947,5.427556163066165,5.355817000591767,6.661864216991819,6.614856234318155,6.640232389792462,,
ALK,0.0,0.000646235953005555,0.0012919464306649087,0.006438765046604072,0.01916024577669365,0.07391519042518264,0.25699490307450307,0.7215198576975973,0.0,0.0215411984335185,0.04306488102216362,0.21462550155346907,0.6386748592231216,2.4638396808394214,8.566496769150103,24.050661923253244,-0.009003073765276138,0.041064279585387754,-0.04956309819968576,-0.09215997098722378,0.03322322507978117,0.041734301305050125,-0.004190422217224971,-0.04572022416936269,-0.03500173263289427,-0.11059403009670833,0.0027281889797264275,-0.02743691282141298,0.08201275042555303,-0.009097646538627116,0.06570769011944035,0.10810374817686301,0.04164390956564458,0.0016057838523038381,0.3571740934205012,0.3016675224745446,0.2284633758084164,0.807282471698118,0.7440639803216933,0.6854288947419187,,
TLNNILEK,0.0,0.8042897896532282,0.9611806807958996,1.458365506103293,1.880105865435271,2.5883261226362784,3.8252277058963524,4.762627686358887,0.0,10.053622370665352,12.014758509948745,18.22956882629116,23.501323317940887,32.35407653295348,47.815346323704404,59.53284607948609,-0.007680579169488751,-0.030142956109001907,0.03589120815989445,0.8338728036719398,0.819434954446704,0.8676815963414899,0.9643888590827508,0.972809870136054,0.9140570041577182,1.3512199650134913,1.5355848569158084,1.45919415993875,1.865739170110523,1.9382785037828107,1.8703926559820718,2.559061039660018,2.6410566978398955,2.5611402650748216,3.8037300127854823,3.7729702433743086,3.797518994065794,4.694900981422385,4.768077565254507,4.837790499588932,,
EFK,0.0,0.000887159062194866,0.001773373587890506,0.008829208325180042,0.026207998706255717,0.09999196202408235,0.3337069018673221,0.7993368494450172,0.0,0.02957196873982887,0.059112452929683534,0.29430694417266806,0.8735999568751907,3.3330654008027447,11.123563395577403,26.644561648167237,-0.06490285019736419,-0.06505699706691793,0.02120036371031568,0.0259227865469249,-0.07690201544004584,0.035781940975081944,-0.04207074228548349,-0.034445915222080424,-0.011337293527274679,0.08084934231568514,-0.00907354787338817,-0.053095363824287735,0.08984785364110029,0.038724868997727216,-0.13975435053178709,0.01888884439857931,0.12540340481665874,0.16393477764741965,0.2940137092413186,0.38845970999097834,0.34499173342463657,0.8000788560716655,0.7882467487083727,0.8076919316659233,,
GVYALK,0.0,0.40866076803546064,0.6604102070774305,1.2524547792126415,1.8053855459815065,2.652690227106709,3.168642159387012,3.3861255709442846,0.0,6.811012800591011,11.006836784623841,20.87424632021069,30.089759099691776,44.21150378511182,52.810702656450204,56.43542618240475,-0.05260716897606282,-0.04677525147741543,-0.026243322921628245,0.48445792053900383,0.4190145056422718,0.366704741127394,0.625793929363494,0.6677981637502534,0.6298257623992649,1.17547673835638,1.329833668368563,1.1469929578233358,1.8739956804433038,1.7253003685245079,1.749594489702201,2.5665329465503586,2.654636552316116,2.7375001880062806,3.11938198051438,3.176220940731425,3.1288745266260696,3.415303135328743,3.4213157875644957,3.440079526231855,,
VIDVLK,0.0,0.4055217764538771,0.7487206309009986,2.194140817551445,2.970509723109432,3.3366090426754034,3.3965647142620594,3.39999999950326,0.0,6.758696274231285,12.478677181683311,36.56901362585742,49.508495385157204,55.61015071125672,56.609411904367654,56.66666665838767,-0.09922988437162536,-0.021627133628282388,0.057854732306289305,0.3036329155167473,0.43183326407839107,0.39236936081595497,0.711230970576867,0.7075281985033217,0.7644584039863688,2.181915277423667,2.187946068593117,2.215065449111757,2.9667828309170097,2.9126976592284137,2.938652025983456,3.2549237996347484,3.38402437534289,3.302172928928743,3.440757286117244,3.332172276033893,3.417060943135661,3.378317743139493,3.347444623393877,3.275346207882676,,
NPQLAEEDK,0.0,2.455238717328075,3.16993601916821,4.623273510167213,5.309072194957834,5.880915706626145,5.9499647208673405,5.95,0.0,27.280430192534165,35.22151132409122,51.36970566852459,58.98969105508704,65.34350785140161,66.11071912074823,66.11111111111111,0.06598688222442098,0.013914057547205814,0.0251124336662727,2.4672322014217998,2.50826942120505,2.4803850676361017,3.1910121301233483,3.1668356545213214,3.1432316720450384,4.631396985204875,4.538884766927571,4.615910918085008,5.375108810583873,5.249427298188059,5.26512272991434,5.844806681948473,5.808377123500226,5.8628300579980905,5.839254809934822,5.970462664557435,5.955887807009386,5.920037511006479,5.9741234708589905,5.939984553991087,,
ILATPTLAK,0.0,1.6702753124976846,1.690846538490231,1.709387917417035,1.7280339146173123,1.809679070863055,2.102464734372074,3.1713739359924475,0.0,18.558614583307605,18.787183761002566,18.9931990824115,19.200376829081247,20.10754523181172,23.36071927080082,35.23748817769386,-0.056998579391660635,0.04606328506272139,0.01894683803083721,1.7174968467243332,1.7217012585957094,1.708189898883224,1.6600227400696594,1.7615078607423855,1.75758861654502,1.7173082823159576,1.6612302441626452,1.7190140493438077,1.80563443178445,1.7775925109725832,1.7519776446833901,1.9335975342546323,1.9046152718313434,1.8075781866260703,2.0454072613071332,2.0594307399981227,2.0799416164265425,3.2162349563287327,3.1946742404434127,3.125820970356439,,
VLPPPVR,0.0,0.14177632065248807,0.26171556615525526,0.7563996475066743,0.998775371015346,1.3066786847640932,1.6243665001254362,1.6947966050179166,0.0,2.025376009321258,3.7387938022179323,10.805709250095347,14.268219585933513,18.66683835377276,23.20523571607766,24.211380071684523,-0.02083291938372268,-0.025394642911703114,-0.0045104135642317494,0.12980694024784295,0.13883110874991067,0.14419680006317548,0.23404896264943476,0.17497603014450092,0.2738215865282691,0.7924118661630394,0.725165368106999,0.8130558165560349,1.0159225970243984,1.055096430804696,1.0336141052046013,1.2619141810669696,1.3009847026348627,1.2865415860788005,1.5763905463835688,1.6188284096127943,1.5909972337442913,1.6729286835474466,1.6895246413538003,1.6610966607595872,,
IIGDLSNR,0.0,1.2687669816871363,1.6359482435911963,3.192797100529134,4.2744677230415995,4.906424727096165,5.096978026431137,5.099999999999993,0.0,15.859587271089204,20.449353044889953,39.909963756614175,53.43084653801999,61.33030908870206,63.71222533038922,63.749999999999915,0.0483156668490154,-0.009624312478308207,-0.08975213918335481,1.2656891115537965,1.2438651528487688,1.182604659300044,1.5216940075751244,1.5777452806273988,1.6457990731625114,3.132836967523557,3.2419094644158215,3.3135965745783857,4.22585146589571,4.277295243318808,4.25942234716737,4.87924983103553,4.982021337313458,4.950907177354019,5.1707463012885455,5.0241421268113555,5.069676432832463,5.024469725171006,5.093413243365959,5.077356287278795,,
EK,0.0,0.0,0.0,0.0,0.0,0.0,0.0,0.0,0.0,0.0,0.0,0.0,0.0,0.0,0.0,0.0,-0.002604179762648667,0.0027367455034483764,0.07996451777553998,0.028273935063523093,-0.034940607146794235,-0.057249274139513445,-0.03470506167721411,0.02549474394113805,0.0026896032391152433,-0.05482886754820521,0.010993519349099,-0.012998486363920836,-0.038878761320110256,-0.012437547027934872,0.08824558648550498,5.7325425482380446e-05,-0.04595392667082521,-0.05283290832848883,-0.07705586119903575,0.07445039973395444,0.015375597741525813,-0.02686918947490237,-0.05473880273696832,0.0018032644453132994,,
VLIALR,0.0,0.26355346827450815,0.4692185872890344,1.2162319313104024,1.8269488139385461,2.587382589167114,3.103471365007548,3.323813528286884,0.0,4.392557804575136,7.820309788150573,20.270532188506706,30.44914689897577,43.123043152785236,51.7245227501258,55.39689213811473,0.010777087589233781,0.03667191932695959,-0.0474654246097798,0.3046226968176417,0.2491475303380407,0.29164749991030686,0.517178494146361,0.3797113027854983,0.5156786580459005,1.245035444451949,1.2447569887325116,1.2551690134294011,1.8381023107105405,1.773909867028744,1.8712243130967743,2.5323031684426907,2.565272837339424,2.6611043108769934,3.1363255337121765,3.152019744887492,3.0711689977657803,3.4382597382539712,3.3306621351029952,3.26851586418457,,
LLAEEIGD,0.0,1.5115446226447782,2.168909724205098,3.824564154238889,4.5887729279085105,5.064426084418247,5.099152878632771,5.099999999999851,0.0,18.894307783059727,27.111371552563725,47.80705192798611,57.359661598856384,63.305326055228086,63.73941098290964,63.74999999999814,0.034655060149222844,0.008406890111369017,-0.046379881630208813,1.4771749762832407,1.4107023530576384,1.4876262106842004,2.1797702207440266,2.218464393450009,2.181913234228827,3.8493162891492196,3.8666581709815366,3.816161577577242,4.550441358238488,4.633052514935486,4.528072914990772,5.100443905169671,5.037371159767396,5.049586060633006,5.141691589049076,5.075095349513175,5.1369748824624635,5.106719255148663,5.116508261527569,5.12639540417496,,
