Category,Residue#,LogRatioValue
antagonistic,44,2.196158559906417
antagonistic,45,-3.284927118885655
antagonistic,53,10.68226398830014
antagonistic,54,11.348551657843576
antagonistic,54,2.564641256000895
antagonistic,54,-2.196158711732879
antagonistic,54,-3.022197059788522
antagonistic,54,11.258265535022668
antagonistic,54,-2.977098155309784
antagonistic,54,-2.2512501705828334
antagonistic,55,2.1239636196661142
antagonistic,62,2.12396375710145
antagonistic,65,-2.515924197036019
antagonistic,65,-2.419601687562773
antagonistic,66,-2.5089607202820714
antagonistic,66,-2.7662472065327344
antagonistic,66,2.126193443336804
antagonistic,66,-3.1699244171510568
antagonistic,66,2.7662472065327344
antagonistic,72,2.6961584084234853
antagonistic,73,2.543731175367052
antagonistic,75,2.261780812118596
antagonistic,76,2.104726549365196
antagonistic,76,-2.104726549365196
antagonistic,90,-2.3502196715202137
antagonistic,90,-2.057738483676407
antagonistic,91,-2.678775706556619
antagonistic,92,4.211963991284234
antagonistic,92,4.118150791820723
antagonistic,92,3.8997194292755304
antagonistic,93,-3.066699056322817
antagonistic,94,-2.4036772590515247
antagonistic,95,2.8557470753390417
antagonistic,95,-2.811025554464621
antagonistic,95,3.0185441856828934
antagonistic,97,2.4534450814000355
antagonistic,101,2.1609639031741876
antagonistic,105,-2.2772942563221714
antagonistic,105,2.2772942563221714
antagonistic,113,-2.1518902316224304
antagonistic,114,-2.075470949443424
antagonistic,114,2.076902539639673
antagonistic,115,-4.1765734127711
antagonistic,116,-2.108819446070678
antagonistic,116,2.347558602924519
antagonistic,117,2.47709793157574
antagonistic,118,2.031504899194475
antagonistic,119,-2.039001134173065
antagonistic,121,8.304820237218479
antagonistic,133,2.6875194163143026
antagonistic,137,-2.416444801498357
antagonistic,138,-2.052168205835736
antagonistic,142,2.350219671520215
antagonistic,143,-2.064641508884604
antagonistic,143,-2.1438909681937752
antagonistic,143,2.7614365467323116
antagonistic,143,2.332381151262153
antagonistic,144,3.4741827249287005
antagonistic,144,-2.547698264785636
antagonistic,146,-3.586212713779693
antagonistic,148,2.161584817674428
antagonistic,148,2.563178622972557
antagonistic,148,-2.506227942794412
antagonistic,149,2.642700828105646
antagonistic,149,4.024924274752501
antagonistic,149,2.777294425992297
antagonistic,152,2.4309011432942644
antagonistic,153,2.3362124870421552
antagonistic,154,-2.877443361554177
antagonistic,154,-2.4534450814001154
antagonistic,154,-2.0849623708786127
antagonistic,155,2.7538969918863
antagonistic,156,-2.2570791080247457
antagonistic,157,2.7083230679520907
antagonistic,158,-9.097301487579008
antagonistic,159,-2.6609637589047095
antagonistic,159,-2.749125107715059
antagonistic,159,3.4534444321868785
antagonistic,163,2.3501033345579603
antagonistic,164,-2.9282988025580337
antagonistic,165,3.6047256152209335
antagonistic,166,2.213132222261736
antagonistic,168,-2.604726415915914
antagonistic,174,2.279483646400131
antagonistic,175,-2.196158559906417
antagonistic,178,2.472429000728767
antagonistic,182,2.0437312979961018
antagonistic,184,2.4692995064547474
antagonistic,184,-3.261780314389011
antagonistic,186,-3.2004391086030965
antagonistic,193,-2.3780283535332623
antagonistic,333,3.3862939632755773
antagonistic,333,-2.282392138672822
antagonistic,334,2.428990288373035
antagonistic,337,-2.3774435563179273
antagonistic,360,-2.1239636196657727
antagonistic,378,-2.182824587449789
antagonistic,380,2.100816797856893
antagonistic,397,-2.30735492235203
antagonistic,400,-3.204695468153714
antagonistic,404,-2.420299114342313
antagonistic,404,2.522196821634584
antagonistic,404,-2.2007638513074577
antagonistic,404,2.81285693222997
antagonistic,404,-2.1420359950570713
antagonistic,405,3.025312558385001
antagonistic,406,2.3720805480539973
antagonistic,408,-2.5348365216509032
antagonistic,409,3.1633048526140892
antagonistic,409,-2.6405203062238085
antagonistic,409,-2.149682828086907
antagonistic,409,2.2569410367004417
antagonistic,409,3.878872016951127
antagonistic,410,2.670733848167924
antagonistic,410,3.603099128727852
antagonistic,410,3.622379023139515
antagonistic,411,2.1609639031742636
antagonistic,411,2.1961585599064146
antagonistic,411,-2.1609640478043537
antagonistic,413,4.201503570030273
antagonistic,413,2.3007251366415513
antagonistic,413,-3.914332714183265
antagonistic,413,2.4303710676505696
antagonistic,413,2.2181475602528584
antagonistic,417,2.1239636196657763
antagonistic,421,5.165534805805329
antagonistic,422,2.377443751348907
antagonistic,424,2.8073545685974053
antagonistic,424,11.942882439855524
antagonistic,425,12.73381073478219
antagonistic,426,-6.268833245341779
antagonistic,427,9.465784284661956
antagonistic,434,3.1105513245588874
antagonistic,434,-11.52629198514277
antagonistic,435,9.4657842846621
antagonistic,450,-2.8774433615533
antagonistic,457,3.375771252293014
antagonistic,575,2.128416395428083
antagonistic,576,2.8369976566355835
antagonistic,576,4.80734926671433
antagonistic,577,-2.9036770570733883
antagonistic,577,2.2427132520039166
antagonistic,577,-2.611195941365139
antagonistic,578,2.1476164724864213
antagonistic,578,-2.724229935419798
antagonistic,579,-4.128691714026692
antagonistic,580,2.477097931577394
antagonistic,609,-8.304820237218479
antagonistic,612,2.07379191725092
neutral,54,-2.5646415086785823
neutral,54,-2.064641508884682
neutral,57,10.597301487578989
neutral,111,2.1609639031733585
neutral,137,-2.979420888943601
neutral,149,-2.623963756911621
neutral,149,-2.8362126711271887
neutral,316,-9.304820237218424
neutral,395,2.146022604934503
neutral,399,-2.2639039846721496
synergistic,54,11.27018890599985
synergistic,54,-2.207518595751967
synergistic,54,-2.022197060116407
synergistic,54,2.4289904978125265
synergistic,54,-2.4886399619789574
synergistic,54,2.4164450073354753
synergistic,55,2.0437314210498685
synergistic,55,2.2427132520032846
synergistic,57,-10.566601215246916
synergistic,57,11.465784284662089
synergistic,57,11.688912399606869
synergistic,61,2.0437312979961018
synergistic,62,-2.142700968768369
synergistic,66,2.778997386725691
synergistic,69,-2.5849622410352056
synergistic,73,2.1239636196657767
synergistic,76,-2.350219671520215
synergistic,76,2.6047264159159416
synergistic,78,-2.564641256000973
synergistic,82,-8.304820237218479
synergistic,92,3.687343512052612
synergistic,95,2.8219277342136917
synergistic,95,2.18958587325195
synergistic,95,-3.30735421513738
synergistic,95,-3.807353508217849
synergistic,99,11.70202817039346
synergistic,100,9.804820237218417
synergistic,103,-11.474745238660716
synergistic,107,-10.534536046537124
synergistic,108,2.821927734213692
synergistic,113,9.804820237218417
synergistic,114,2.054716620960878
synergistic,114,2.1787758544328932
synergistic,115,2.162765021153615
synergistic,115,2.0357311817073658
synergistic,115,3.401527392376587
synergistic,115,-4.20257073158945
synergistic,116,-3.0762898185294043
synergistic,116,2.511183906736296
synergistic,116,2.984044924458858
synergistic,118,3.599835112038106
synergistic,118,-2.453445081400034
synergistic,118,-2.2772942563221705
synergistic,119,-2.831482140878563
synergistic,122,9.097301487579008
synergistic,123,-3.663962258790317
synergistic,135,2.395038265740097
synergistic,135,-3.187519116955268
synergistic,137,2.184616755754387
synergistic,137,2.090044859676147
synergistic,137,2.4164450073354753
synergistic,137,-2.184616905181899
synergistic,138,3.8062399890986782
synergistic,140,-24.230240235020005
synergistic,140,22.92078531869775
synergistic,140,-2.500000000225341
synergistic,141,2.821927734213612
synergistic,142,-2.292481077237194
synergistic,143,-2.540845268095675
synergistic,143,-9.597301487578996
synergistic,143,-2.2297156506221243
synergistic,146,2.1465618917023424
synergistic,146,-3.832666494258607
synergistic,147,-2.6809715902135136
synergistic,148,2.9640054697204623
synergistic,148,2.6740069598621714
synergistic,148,-2.274180318254389
synergistic,150,-9.70849769824722
synergistic,151,-13.28771184564523
synergistic,151,-2.1239636196656884
synergistic,151,2.1239636196658487
synergistic,153,-2.0437312979961297
synergistic,153,2.9413210990859304
synergistic,154,2.9534448649958756
synergistic,154,2.3774435563179286
synergistic,155,2.0437312979961773
synergistic,157,2.105283359417497
synergistic,167,3.4227441959246874
synergistic,168,2.37744355631793
synergistic,169,-3.5221961075011277
synergistic,170,-7.4851134767731935
synergistic,172,-2.0646413822366783
synergistic,174,4.358835174666529
synergistic,178,-2.761780646208723
synergistic,191,-3.4943414272753133
synergistic,212,-2.3925510578670752
synergistic,317,-3.589953499053437
synergistic,319,13.353177814462676
synergistic,320,-9.804820237218417
synergistic,321,-8.304820237218479
synergistic,334,-10.889782737939564
synergistic,335,13.376511844213317
synergistic,335,-2.723679078420433
synergistic,336,9.304820237218424
synergistic,337,-10.889782737939562
synergistic,338,10.15504009628896
synergistic,395,-2.522196821631012
synergistic,395,2.2387665518061524
synergistic,396,-2.5567176321804244
synergistic,399,-4.667731121034885
synergistic,403,-2.138992233708473
synergistic,404,2.9306725356031498
synergistic,406,-2.2285438394129535
synergistic,408,13.28771236265374
synergistic,409,5.704675847682841
synergistic,409,2.7369187520595197
synergistic,409,2.424809798831902
synergistic,409,-2.9438904592167976
synergistic,409,2.777294086805563
synergistic,410,3.304001371133554
synergistic,410,2.149329015821076
synergistic,410,2.597730046971572
synergistic,411,13.28771104478964
synergistic,411,2.1961585599064892
synergistic,412,7.417284903608085
synergistic,413,4.10715956042459
synergistic,413,2.3219280951759846
synergistic,413,-2.836212671127188
synergistic,413,-4.281121212129698
synergistic,413,-2.229715809646454
synergistic,413,-2.895038465443248
synergistic,413,-3.047962210104743
synergistic,414,-2.1609639031741916
synergistic,416,2.375998164652322
synergistic,417,-2.331482323619866
synergistic,423,2.057738483676407
synergistic,424,3.1518898042242345
synergistic,431,2.623963482609786
synergistic,576,2.5776388556769088
synergistic,577,-2.2427132520028916
synergistic,577,-2.983532604076122
synergistic,578,-2.0167113826480776
synergistic,578,-2.0020438201391433
synergistic,578,3.511129612752632
synergistic,580,-2.42023141026888
synergistic,606,-3.138578552938783
synergistic,608,-8.304820237218479
synergistic,608,8.304820237218479
synergistic,608,-8.804820237218443
unclassified,53,13.287704371027646
unclassified,66,-2.440208979654061
unclassified,76,-2.6047264159159416
unclassified,92,4.06721113312677
unclassified,94,2.4036772590515247
unclassified,102,-8.304820237218479
unclassified,105,-2.7772940868055636
unclassified,111,-2.1609639031746397
unclassified,116,-4.2962257342396715
unclassified,116,-3.1380622027318656
unclassified,117,-3.1579521537203146
unclassified,130,-2.453445081400033
unclassified,137,2.267592302596096
unclassified,138,2.2131322222605143
unclassified,139,2.4770981554261304
unclassified,140,-23.713266569058337
unclassified,143,-3.270669553495704
unclassified,147,-2.096322407067663
unclassified,151,2.0849623708786096
unclassified,152,3.543731420678612
unclassified,154,-3.3774429720267514
unclassified,158,-8.804820237218443
unclassified,165,2.2949814171652534
unclassified,174,2.4146348494967618
unclassified,333,-3.074873047594881
unclassified,352,-2.084962501121905
unclassified,378,2.4480818797065
unclassified,379,2.5646412560008947
unclassified,395,2.326660465168763
unclassified,404,-2.2983113423023434
unclassified,406,-2.0892433768574845
unclassified,407,-2.5816149159513637
unclassified,408,2.2542746929179036
unclassified,409,2.752102247717217
unclassified,409,2.20711609994186
unclassified,410,2.3663578687888687
unclassified,411,-24.446098355232746
unclassified,417,2.8818824348229137
unclassified,420,2.292481077237194
unclassified,424,3.099835642227949
unclassified,426,-5.137349997978261
unclassified,577,2.4036772590518907
unclassified,609,9.889782737939573
