Peptide,30.0_percent,60.0_percent,180.0_percent,600.0_percent,1800.0_percent,3600.0_percent,7200.0_percent,LogLKHD_30s,LogLKHD_60s,LogLKHD_180s,LogLKHD_600s,LogLKHD_1800s,LogLKHD_3600s,LogLKHD_7200s,Total_LKHD_per_time
LQALAQNNTETSEKIQASGILQ,13.06,21.83,41.81,48.45,75.42,90.56,98.89,0.3882473777123995,0.14575559659988221,0.19660230853209795,0.03801351125594533,2.0673443983111097,4.597702148410934,5.856875934177931,13.290541275000301
FASLLTPQSSCKAKVANIIA,9.7,15.81,30.85,49.68,70.07,92.11,101.95,0.4370367863843771,0.30331532496588287,0.002674383954914116,0.6487463659818292,3.2276389707013218,9.31536965829607,11.962783246640914,25.89756473692531
FASLLTPQSSCKAKVANIIAE,8.96,14.93,29.14,48.9,66.03,88.99,96.4,0.4210920013229108,0.2847667631226079,0.0031873608835379674,0.7703250591007078,2.745521891212149,8.925663549060786,10.418233040540755,23.568789665243457
LTPQSSCKAKVANIIAEVAKNEF,14.05,18.55,37.04,52.75,76.94,95.95,99.87,0.09688074842041083,0.09654298755919233,0.28331055703965946,1.566705541180665,6.915174505030998,13.816902483319991,13.785598984458712,36.56111580700963
MRIPCVDAGLISPLVQL,7.64,12.17,27.62,44.8,66.68,89.22,97.55,0.10460754084163883,0.11723491653060669,0.039201920084262584,0.42999817809871393,2.469757448453366,8.322922044359892,10.493536755132366,21.977258803500845
DSHEGRSAVDQAGGAQ,9.07,16.47,29.32,47.64,66.29,90.74,98.09,0.3353097436608605,0.10837621604498696,0.01434852158458812,0.7268417429309372,2.4668288806829923,8.111418345682898,8.201327771914025,19.96445122250129
MRIPCVDAGLISPLVQLLNSKDQE,18.02,25.72,39.34,50.42,73.26,97.8,102.28,0.2416950630388045,0.09807370017313452,0.009687882840386776,0.024107891108380613,1.3742395131028373,6.893131429422885,7.3525676885376505,15.99350316822408
LNSKDQEVL,10.37,18.15,42.2,53.75,84.91,101.16,102.48,5.952179841739308,4.21464074073094,0.2066733594358327,0.04284686614913133,4.738446530067647,10.30438920775461,10.551764810043506,36.01094135592098
LQTGRALGNICY,24.56,42.32,63.64,78.21,85.96,105.77,106.08,2.712179341889506,8.31262165591321,18.13680402537098,24.572518518865035,24.99569711122535,35.401632875368975,29.79769732481239,143.92915085344544
IVIDHLRSLCS,17.83,26.1,42.24,52.34,75.05,97.74,101.14,0.46621898001522283,1.220375636844688,2.937698596564229,2.3618953762290467,5.238398334898274,11.629394832698152,10.521923777455456,34.37590553470507
IVIDHLRSLCSITDPANEKLLTVF,19.09,26.99,43.53,52.95,75.65,98.44,101.61,0.031210340605141156,0.23156356512583037,1.4048281056985161,1.5394206939756778,4.874699446225106,11.467975501868723,10.287712992914049,29.837410646413044
ITDPANEKLLTVF,20.97,30.01,40.78,52.32,76.35,99.89,101.68,0.2589442137567132,1.0288015886822597,2.331757575637566,3.6693021714089795,9.264574852262204,18.620412589560438,16.543016528933265,51.716809520241426
MNYSNENDSLQAQL,12.27,17.83,26.46,44.26,58.89,83.59,98.24,0.2271353794285171,0.056895946519354146,0.005328634036455328,0.5370762877301187,1.407453302839511,6.914984408938856,11.65414957028594,20.803023529778752
GVIPTLVKLLGIHCQNAAL,9.39,13.13,21.52,40.22,51.49,75.42,89.23,0.8950129416342895,0.8209850587025319,0.5656740762283946,0.009686901596416934,0.21192906353495083,3.576228767712881,6.7327181551439015,12.812234964553365
GVIPTLVKLLGIHCQNAALTE,18.32,25.32,33.28,47.66,65.6,86.76,94.8,0.029826219473517067,0.015809956456171045,0.06673040511911163,0.5580996369962384,2.2192112734284923,7.027170207432748,8.303402955664538,18.22025065457082
VKLLGIHCQNAAL,18.82,27.73,40.15,43.53,66.79,83.04,84.1,0.6687492524492238,0.1355149148466252,0.03373538441002601,0.009735946504888177,1.2952104393757562,4.449567572363964,4.104626665052765,10.697140175003248
VAFGNLAELESSKEQF,31.29,45.48,55.22,54.98,82.07,101.39,103.32,0.7734818905668571,2.4731493907766566,2.6323070220616605,0.679510081744989,4.288943681735403,9.424897572547618,8.31794070338325,28.590230342816433
AELESSKEQFASTNIAEE,31.14,45.74,54.61,54.58,82.7,101.21,104.36,0.18605116333033198,1.2593568794619017,1.195125505459836,0.107186113778713,2.731889528052473,6.7992101928024935,6.628482304896211,18.90730168778196
ESSKEQFASTNIAEE,15.75,22.66,37.43,52.88,68.1,91.68,93.02,0.03367717052786091,0.005903000463734845,0.0907978658378375,0.38438746403215784,0.9551203659646232,4.953877596203716,4.055753430697449,10.479516893727379
LVKLFKKQIEHDKREMIF,18.03,25.97,40.56,57.5,73.45,100.33,102.04,0.02272560715608294,0.007649081869904872,0.21437876404401504,0.7161068430536766,1.7467276218341627,8.324378452878069,7.407503900457297,18.439470271293207
LVKLFKKQIEHDKREMIFE,16.3,23.66,37.95,55.38,71.28,96.54,99.38,0.04007889706830576,0.002324379690001289,0.1448297224731102,0.6203671954860229,1.3868706908903041,6.426956018618469,5.568746748990189,14.190173653216402
VKLFKKQIEHDKREMIF,9.96,14.46,23.43,44.23,48.05,73.8,92.05,0.6236777683754325,0.6785068129581373,0.6915944958625786,0.019621765421045188,0.22213886127016663,1.0466175416161088,4.153500132741906,7.4356573782453745
APLAENDAIKLQLVEAGL,33.16,44.3,66.1,77.03,108.58,137.36,142.94,2.556762404264174,5.014936206638007,11.405175031738203,12.067044377602112,25.068038445954503,43.523419643455334,42.71688854206335,142.35226465171567
LEIVQQKVDSDKEDDITE,22.17,31.33,50.11,58.23,83.0,101.08,100.67,0.2586933488243934,0.0032428862602758802,0.9409328950280659,1.043649450948867,5.2130597281750495,10.856687647272011,9.116896531421437,27.433162487930097
LEIVQQKVDSDKEDDITELKTGSD,21.15,31.44,49.45,58.62,82.25,103.1,103.13,0.009679110474531679,0.24339281933231735,2.067610617804887,2.3599582839960647,6.636708461568111,13.208857122610015,10.572909962672837,35.09911637845877
LEIVQQKVDSDKEDDITELKTGSDL,21.57,30.97,48.52,56.79,80.22,99.11,98.22,0.002037332583148541,0.2457008150081502,1.874026124641271,1.7833948848598877,5.4709122480211425,10.718137606270096,8.132339169091537,28.226548180475234
EIVQQKVDSDKEDDITELKTGSDL,22.29,33.1,50.8,59.48,84.94,104.08,104.14,0.002635025535879881,0.33516242107790895,2.116120927295914,2.092793244013874,6.8425122890660495,12.947095991977664,10.710248847562154,35.046568746529445
IVQQKVDSDKEDDITELKTGSDL,20.42,29.58,41.84,52.7,75.36,96.07,97.4,0.05283753761323598,0.06574727908282899,0.5325985819372987,0.7230393039619635,3.2345614541743783,8.309889779273593,7.001828087993244,19.920502024036544
VLLLLGDESMQKLFEGGKGSVF,28.94,33.69,51.71,64.52,83.29,104.09,110.27,1.1787452099064928,1.371848345707398,3.9967659662036183,5.491553025721462,9.405050958611502,17.007382944014086,17.003922995516028,55.45526944568059
LLLGDESMQKLFEGGKGSVF,13.41,20.3,36.77,51.83,75.68,97.9,101.9,0.007090142712056072,0.011759542126239099,0.6130462653656544,1.539827556470364,5.257321264963779,11.896473576782203,10.994125365347328,30.319643713767626
QRVLSWIPSNNHQLQLAGAL,14.26,21.87,38.47,54.01,78.59,100.99,104.85,0.1815729039638022,0.0019424043024616122,0.9861083988760274,3.375320011394111,10.36423997878221,20.242218074629644,19.44084421609751,54.59224598804577
QRVLSWIPSNNHQLQLAGALA,25.16,35.03,50.82,56.31,82.95,101.9,100.78,0.172421410108228,1.0038482525737982,3.7846432839529855,4.34997529912555,13.06260855522122,21.5479759234949,17.45258747415002,61.37406019862671
AIANFARNDANC,20.95,29.86,39.89,51.23,64.32,86.21,93.58,0.030446614686268143,0.36867385152656745,1.0314080854163685,1.8454216112170008,3.000804535703976,8.612702745493891,9.675671428530713,24.565128872574785
ARNDANCIHMVDNGIVEKL,28.63,42.26,57.4,58.6,80.97,94.1,90.91,0.19659409663681732,1.1295316654608785,2.429163175612555,1.000120809457068,3.812337023001304,6.37210238179892,3.9220527185058076,18.86190187047335
MDLLDRHVEDGNVTVQHAALSA,20.24,29.93,49.54,57.32,92.59,103.07,102.84,0.020170649176133124,0.3033213663729183,2.223123955897164,2.0823146208847754,10.918850065333176,13.144404100480134,10.077426130817857,38.769610888962156
SALRNLAIPVINKAKMLSAGVTE,20.06,29.99,48.95,57.88,91.68,102.17,103.49,0.12472014532191354,0.5841483213820017,2.7208272534548588,2.8811476262700313,11.693404001439328,13.836600529433403,11.45004929742109,43.29089717472262
AVLKFLKSEMPPVQFKLLGTLRM,14.3,20.82,38.34,55.71,83.59,98.94,102.6,-0.003475838425778893,0.04151774494233851,0.9322855329889128,2.9146933768808365,10.133240132967424,15.2915781560349,14.166849229899574,43.47668833528821
LIDAQAEAAEQLGKNVKL,10.93,15.2,32.42,53.28,70.8,84.58,91.48,0.2794239176974295,0.43824026743334327,0.007279259588707766,0.5158224263832285,1.993154357320461,4.667581450861122,6.012843617798125,13.914345297082416
LIDAQAEAAEQLGKNVKLVERLVE,29.74,44.71,59.18,58.99,88.05,104.83,100.4,1.217395463360374,3.3076121136145766,5.287956325051204,2.5233382565268263,9.131776948371657,15.480150774626528,11.423556158910781,48.371786040461956
WCEAKDHAGVMGESNRLLSA,23.95,34.98,62.1,57.73,96.42,106.83,103.45,0.008323285696672908,0.45166571006137113,4.9003734522052484,2.181949179069215,13.935280122808472,16.598205596370452,11.847870824350208,49.92366817056164
LIRHSKSKDVIKTIVQSGGIKHLVT,24.12,34.49,50.59,61.96,97.84,104.49,105.45,0.4090196123366886,1.0058247130301634,2.522429924427355,2.9220372979638642,12.659646361500965,12.850969122324273,10.444955255459613,42.81488228704292
IRHSKSKDVIKTIVQSGGIKHLVT,24.13,33.93,48.3,57.83,82.87,99.09,102.53,0.35728271969405906,0.8207937782581118,1.8233327389760208,1.7631458668748479,5.841822260018041,9.866451280110166,8.952853471800669,29.425682115731917
MATSEHVIMQNEALVA,15.43,27.01,38.05,52.38,69.5,87.84,98.54,0.06700452624858516,0.09695819270761885,0.591326456136403,2.0719770883787456,4.565723575696185,9.35911477682152,12.290232729813646,29.042337345802704
HVIMQNEALVA,27.85,39.66,57.32,57.0,86.21,95.79,98.72,2.205366065430295,4.93343353067406,11.249751476209589,9.200615236104966,20.339648866573253,22.201086614391983,20.217968024101427,90.34786981348557
IAALELGTAEKDLESAKL,31.03,43.14,55.49,56.52,88.53,98.4,99.6,0.3512373514530374,1.055244683756261,1.564061276068875,0.247430245783649,3.7579081680400233,5.025505119872641,4.452546733631697,16.453933578606183
LELGTAEKDLESAKL,19.56,29.01,42.88,53.92,66.68,85.44,89.88,0.20224132189310323,0.04443509185066736,0.05125487647798148,0.11933413904380546,0.2979447191427469,2.31811282803952,2.659896769257481,5.693219745705305
VQILHRLLADERSAPEIKYNSMVL,18.95,26.91,38.81,55.77,62.26,88.33,91.51,0.08194743958095323,0.334118325838552,0.8965018395340564,2.7511071620063032,2.330266471601212,8.274776699327091,6.681835737072789,21.350553674960956
ICALMGSECLHKEVQDLAF,16.55,22.04,34.66,51.92,61.03,83.21,89.48,0.13264563166513693,0.14892055519248756,0.08574490361452383,0.018194647330164015,0.048924210138306945,2.2249229668767363,2.6688474001707236,5.328200314988079
ICALMGSECLHKEVQDLAFL,19.17,27.36,39.46,57.11,67.16,94.1,99.83,0.02251643418102867,0.0026225971901867313,0.0026527349794015728,0.13650259163038747,0.2521719392674379,4.3974693847874535,4.827504366486843,9.641440048522739
ALMGSECLHKEVQDLAF,17.29,22.68,35.93,50.71,64.71,87.05,90.86,0.18297796309112088,0.20587543391803495,0.0852369083556826,0.0032301689900723495,0.20841857961412644,3.1495242876118468,3.1201405379063853,6.955403879487269
MGSECLHKEVQDLAF,28.76,41.66,58.54,59.57,83.54,99.96,101.16,0.0693409129654394,0.6048439121529758,1.5014654778135266,0.270576994606818,2.9430361639788556,6.980261948076347,6.174067503115762,18.543592912709723
LDVVSKLRSHENKSVAQQASL,27.14,40.76,60.02,61.77,92.8,101.03,100.98,0.005666999201179732,0.7659778521158237,3.5029146454480777,2.2221817420898446,10.412600930305755,12.32472690938351,10.197534752773809,39.431603831318
DVVSKLRSHENKSVAQQASLTEQRL,24.67,39.34,55.46,60.9,91.5,99.47,98.86,0.020175565781107324,1.025905189033045,3.0512078992733045,2.563484575837938,10.783849668805045,12.266492422911513,9.587793308927605,39.29890863056956
