Peptide,0.0,30.0,60.0,3600.0,14000.0,100000.0,0.0_percent,30.0_percent,60.0_percent,3600.0_percent,14000.0_percent,100000.0_percent,state
KTAVLK,0.0,0.0049164338117307,0.009804718941379,0.428696024180956,0.8280878449980069,1.2501636495581938,0.0,0.0819405635288461,0.1634119823563177,7.144933736349267,13.801464083300116,20.836060825969895,U
ILATPTLAK,0.0,1.367767551621256,1.5329841470491914,1.62991633682529,1.713385900613892,2.264365099711604,0.0,15.197417240236176,17.03315718943546,18.110181520281,19.037621117932137,25.159612219017824,U
EFKGVYALK,0.0,1.3803971208022916,1.785223227323742,4.36572679907326,4.932003800094295,5.540649410321231,0.0,15.337745786692128,19.835813636930467,48.50807554525843,54.80004222326994,61.56277122579146,U
NPQLAEEDK,0.0,4.518233480802347,4.848952042878093,5.599999999984731,5.6000000000000005,5.6000000000000005,0.0,50.20259423113719,53.877244920867696,62.22222222205257,62.22222222222222,62.22222222222222,U
EFKGVYALKVIDVLK,0.0,2.130125345436213,2.949049338415972,8.766940119196267,9.69757435117096,10.326995526039024,0.0,14.200835636241418,19.66032892277315,58.446267461308445,64.65049567447306,68.84663684026016,U
IIGDLSNR,0.0,1.4425231619385728,1.908101015648422,4.79638213686522,4.799999999796904,4.800000000000001,0.0,18.03153952423216,23.851262695605275,59.95477671081525,59.999999997461295,60.00000000000001,U
VLIALR,0.0,0.0164014799377341,0.0326489848633677,1.2225301798001404,2.1257453693948523,2.519020371829833,0.0,0.2733579989622351,0.5441497477227959,20.37550299666901,35.429089489914205,41.98367286383055,U
MAPLRKTAVLK,0.0,3.202891508701319,3.2097995939504624,3.628696024180956,4.028087844998007,4.450163649558194,0.0,29.117195533648356,29.179996308640565,32.988145674372326,36.61898040907279,40.45603317780176,U
ILATPTLAKVLPPPVR,0.0,1.5236401868177396,1.815692481838442,2.79611072738348,3.536460446488244,5.1624021790297325,0.0,9.522751167610872,11.348078011490262,17.47569204614675,22.102877790551524,32.265013618935825,U
LYVAGNTPNSVR,0.0,1.7601210228079602,1.9032600479759456,3.077372641586125,3.837381628963952,5.1934725965889506,0.0,14.667675190066335,15.860500399799546,25.64477201321771,31.978180241366267,43.278938304907925,U
TAVLK,0.0,0.000173363255671,0.0003466987271345,0.0206066049400764,0.0779661469701711,0.4501636515291334,0.0,0.0034672651134215,0.0069339745426901,0.4121320988015284,1.5593229394034225,9.003273030582669,U
ALKTLNNILEKEFKGVYALK,0.0,1.7686553785376078,2.4783129899673897,9.126525637500333,11.074507518511725,13.547025736075025,0.0,8.843276892688039,12.39156494983695,45.63262818750166,55.37253759255862,67.73512868037511,U
VLPPPVRRIIGDLSNREK,0.0,4.122083451361982,4.8309422046913815,9.496214734213824,10.047763036836637,10.398127929321518,0.0,22.90046361867768,26.83856780384101,52.75674852341014,55.82090576020353,57.767377385119545,U
RIIGDLSNREKVLIALR,0.0,3.2070886627706146,3.823757038170727,8.549010504926754,9.775221322659412,11.167134029004446,0.0,18.86522742806244,22.492688459827807,50.28829708780444,57.50130189799654,65.68902370002615,U
MAPLRK,0.0,1.7801983445614746,1.919807384894579,2.39999999999996,2.4000000000000004,2.4000000000000004,0.0,29.669972409357907,31.996789748242985,39.99999999999933,40.00000000000001,40.00000000000001,U
RIIGDLSNREK,0.0,3.1043435353633564,3.6278076148153646,6.553131524203677,6.857403830552217,7.198127929321534,0.0,28.221304866939604,32.98006922559422,59.57392294730616,62.340034823201975,65.43752663019576,U
TLNNILEKEFKGVYALK,0.0,1.74872562479745,2.4386868578821295,7.827606162340635,9.23507861522557,11.205768681607552,0.0,10.28662132233794,14.34521681107135,46.044742131415504,54.32399185426806,65.91628636239736,U
NPQLAEEDKILATPTLAK,0.0,8.137270754224009,8.512131174215083,8.82991633682529,8.913385900613893,9.464365099711603,0.0,45.20705974568894,47.28961763452824,49.0550907601405,49.51881055896607,52.57980610950892,U
GVYALK,0.0,0.3384068164680059,0.5558279906288952,1.9689866284421509,2.532003800500788,3.140649410321231,0.0,5.640113607800099,9.26379984381492,32.816443807369176,42.2000633416798,52.344156838687184,U
MAPLR,0.0,1.410000690232826,1.554875327859997,1.6,1.6,1.6,0.0,28.20001380465652,31.09750655719994,32.0,32.0,32.0,U
GVYALKVIDVLK,0.0,1.088135041101927,1.719654101721126,6.370199948565158,7.2975743515774525,7.926995526039024,0.0,9.067792009182725,14.33045084767605,53.08499957137632,60.81311959647877,66.0582960503252,U
TLNNILEKEFK,0.0,0.3689097307545552,0.6546256617964943,3.5286958517282545,4.533186980680006,6.394170833435663,0.0,3.3537248250414113,5.95114237996813,32.07905319752959,41.2107907334546,58.12882575850602,U
ILATPTLAKVLPPPVRR,0.0,1.6692137849843591,2.0928618818133886,4.288770873761362,4.79353431224517,5.977079125974981,0.0,9.818904617555054,12.31095224596111,25.228063963302137,28.197260660265712,35.159288976323424,U
TAVLKLYVAGNTPNSVRALK,0.0,1.7611918255001215,1.905401420673897,3.2042241714024673,4.312777015596683,7.765728643497944,0.0,8.805959127500609,9.527007103369485,16.021120857012335,21.563885077983414,38.82864321748972,U
RIIGDLSNR,0.0,1.5893144598611244,2.1747490050612917,5.596382136843417,5.599999999796903,5.6000000000000005,0.0,17.659049554012494,24.16387783401435,62.18202374270463,62.222222219965595,62.22222222222222,U
TLNNILEK,0.0,0.0786468363890257,0.1502847043656174,1.2192781306148703,2.108680610090829,3.969071995786672,0.0,0.983085454862822,1.8785588045702184,15.24097663268588,26.358507626135363,49.613399947333406,U
EKVLIALRLLAEEIGD,0.0,0.683009004804427,1.2124709822458115,6.95251890403064,8.907301553921116,10.858807081534554,0.0,4.268806280027668,7.577943639036322,43.4532431501915,55.67063471200697,67.86754425959096,U
ALKTLNNILEK,0.0,0.0985765901291841,0.1899108364508748,2.518197605774566,3.948109513376984,6.310329050254143,0.0,0.8961508193562199,1.726462149553408,22.89270550704151,35.89190466706349,57.36662772958312,U
VLPPPVRRIIGDLSNR,0.0,2.60705437585975,3.3778835949373085,8.539465346853563,8.790359206081323,8.799999999999985,0.0,16.294089849123438,21.11177246835818,53.371658417834766,54.93974503800827,54.99999999999991,U
LLAEEIGD,0.0,0.6475636303067944,1.1420302162969265,4.599239915076018,4.796476790890342,4.800000000000001,0.0,8.09454537883493,14.27537770371158,57.49049893845023,59.95595988612927,60.00000000000001,U
KTAVLKLYVAGNTPNSVR,0.0,1.7652067205429165,1.913403276957196,3.5262537671093215,4.742558301106079,6.920352494525142,0.0,9.806704003016202,10.630018205317755,19.590298706162898,26.347546117255995,38.4464027473619,U
VLPPPVR,0.0,0.1533504753479672,0.2776708582842531,0.9072482468270966,1.1429261342430728,1.5853230530547506,0.0,2.190721076399532,3.9667265469179016,12.960689240387094,16.327516203472467,22.647472186496437,U
EKVLIALR,0.0,0.0175318527630992,0.0349089315941576,1.3526260451568817,2.5752213228625083,3.9671340290044457,0.0,0.2191481595387401,0.4363616449269702,16.90782556446102,32.190266535781355,49.58917536255557,U
IIGDLSNREKVLIALR,0.0,3.0602973648480645,3.5571090487578574,7.749010504948558,8.975221322659413,10.367134029004449,0.0,19.126858530300403,22.231931554736608,48.431315655928486,56.09513326662133,64.79458768127779,U
VLPPPVRR,0.0,0.2989240735145859,0.5548402582591997,2.399908393204979,2.4,2.4000000000000004,0.0,3.736550918932324,6.935503228239996,29.99885491506224,30.0,30.000000000000004,U
VLIALRLLAEEIGD,0.0,0.6818786319790618,1.2102110355150189,6.822423038673901,8.457825600453459,9.41069342435994,0.0,4.870561656993299,8.644364539392992,48.73159313338501,60.41304000323899,67.21923874542816,U
ALKTLNNILEKEFK,0.0,0.3888394844947129,0.6942517938817545,4.82761532688795,6.372615883966161,8.735427887903134,0.0,2.77742488924795,4.958941384869675,34.48296662062821,45.51868488547258,62.39591348502238,U
TAVLKLYVAGNTPNSVR,0.0,1.7604636499868562,1.903945256742951,3.118164347868442,3.9924366030782426,6.120352496496082,0.0,10.355668529334448,11.199677980840884,18.342143222755546,23.484921194577897,36.00207350880048,U
LYVAGNTPNSVRALK,0.0,1.7608491983212249,1.9047162119068917,3.1634324651201498,4.157722041482393,6.8388487435908125,0.0,11.738994655474832,12.698108079379278,21.089549767467663,27.718146943215956,45.59232495727208,U
VIDVLK,0.0,0.2131283006747111,0.4027446299234871,2.8088371340334044,3.1819188257674096,3.1999999999986857,0.0,3.5521383445785184,6.712410498724786,46.81395223389007,53.03198042945682,53.33333333331143,U
IIGDLSNREK,0.0,2.9575522374408045,3.361159625402495,5.7531315242254815,6.057403830552218,6.398127929321534,0.0,29.57552237440805,33.61159625402495,57.53131524225481,60.57403830552218,63.981279293215344,U
VIDVLKNPQLAEEDK,0.0,6.063359507787306,6.742714874018907,9.298798589468626,9.582081907042948,9.599999999998683,0.0,40.42239671858203,44.95143249345938,61.99199059645751,63.88054604695299,63.99999999999123,U
KTAVLK,0.0,0.0017959609550988,0.0035884507892916,0.1926331046492457,0.5576021088615356,1.1733516678770408,0.0,0.029932682584981,0.0598075131548606,3.210551744154096,9.293368481025594,19.555861131284015,H
ILATPTLAK,0.0,1.6001575563978834,1.6003150997417743,1.6188138932198954,1.6721276067038744,2.059448276445545,0.0,17.779528404420926,17.781278886019717,17.986821035776615,18.57919563004305,22.88275862717272,H
EFKGVYALK,0.0,1.3986879376341024,1.7661050735427315,4.080555242128244,4.776608089215282,5.472013847084381,0.0,15.54097708482336,19.623389706030352,45.33950269031382,53.07342321350313,60.800153856493125,H
NPQLAEEDK,0.0,0.8367293310722851,1.3349659765423576,4.3978178324419375,5.383842899529005,5.599990700507551,0.0,9.296992567469834,14.832955294915084,48.8646425826882,59.82047666143339,62.22211889452834,H
EFKGVYALKVIDVLK,0.0,2.1896812383625135,3.073958846572097,8.372289904807301,9.5086544767324,10.251914080290522,0.0,14.597874922416755,20.493058977147314,55.81526603204867,63.391029844882674,68.34609386860348,H
IIGDLSNR,0.0,1.0824584657423812,1.3131490202936775,3.893424187323856,4.595916316860271,4.79996070050451,0.0,13.530730821779766,16.414362753670968,48.6678023415482,57.44895396075339,59.999508756306376,H
VLIALR,0.0,0.0498919152657947,0.0977012340506228,1.619445923941373,2.395610098651382,3.052370277307636,0.0,0.8315319210965794,1.6283539008437131,26.99076539902288,39.92683497752304,50.87283795512727,H
MAPLRKTAVLK,0.0,3.2016306076421985,3.203588416645708,3.3926331046492457,3.757602108861536,4.373351667877041,0.0,29.105732796747255,29.123531060415527,30.84211913317496,34.160019171468505,39.75774243524583,H
ILATPTLAKVLPPPVR,0.0,1.7710751899507884,1.9127545662960976,3.3210394079308396,3.8159025368686033,5.376510329129205,0.0,11.069219937192427,11.954716039350611,20.756496299567747,23.84939085542877,33.60318955705753,H
LYVAGNTPNSVR,0.0,1.8501980484429716,2.0954382087499313,3.352855752746902,3.728610871401485,5.176635732745371,0.0,15.418317070358098,17.461985072916093,27.940464606224182,31.07175726167904,43.13863110621143,H
TAVLK,0.0,0.0001329725560086,0.0002659309041305,0.0158557552087167,0.0605393005221209,0.3741291314401845,0.0,0.0026594511201736,0.0053186180826116,0.3171151041743343,1.210786010442419,7.482582628803691,H
ALKTLNNILEKEFKGVYALK,0.0,1.741309214627596,2.3632780940077,8.824535059923917,11.17120958823812,13.526174862694882,0.0,8.70654607313798,11.8163904700385,44.12267529961959,55.85604794119059,67.63087431347441,H
VLPPPVRRIIGDLSNREK,0.0,3.662542553013407,4.06160159683625,8.535488405807087,9.9202440785877,10.399812839744635,0.0,20.347458627852262,22.564453315756943,47.41938003226159,55.11246710326501,57.776737998581304,H
RIIGDLSNREKVLIALR,0.0,2.815755286514573,3.1802193500161553,7.990560890229647,9.705651095854792,11.423282777622113,0.0,16.563266391262196,18.707172647153858,47.00329935429204,57.09206526973407,67.19578104483594,H
MAPLRK,0.0,1.7801983445628224,1.9198073848966677,2.39999999999996,2.4000000000000004,2.4000000000000004,0.0,29.669972409380375,31.99678974827779,39.99999999999933,40.00000000000001,40.00000000000001,H
RIIGDLSNREK,0.0,2.6470215738751204,2.862869213754456,5.694799546001004,6.755791618459359,7.19981283992,0.0,24.06383248977382,26.026083761404145,51.77090496364549,61.41628744053963,65.45284399927273,H
TLNNILEKEFKGVYALK,0.0,1.7195749835071965,2.320102844450163,7.474418976079463,9.169358995741511,11.130336114605896,0.0,10.11514696180704,13.647663790883314,43.96717044752625,53.93740585730301,65.47256538003468,H
NPQLAEEDKILATPTLAK,0.0,3.2848388404597544,4.073186842446887,8.14755406889516,8.818990274713936,9.2594482762297,0.0,18.24910466922086,22.628815791371597,45.26418927163978,48.994390415077426,51.44137931238721,H
GVYALK,0.0,0.4382027916076577,0.6737746702314014,1.8864992210445992,2.3806932462603156,3.0720138470843814,0.0,7.303379860127629,11.229577837190025,31.441653684076655,39.678220771005265,51.20023078473969,H
MAPLR,0.0,1.410000690232808,1.5548753278599885,1.6,1.6,1.6,0.0,28.20001380465616,31.097506557199768,32.0,32.0,32.0,H
GVYALKVIDVLK,0.0,1.2291960923360676,1.9816284432607667,6.178233883723658,7.1127396337774345,7.851914080290522,0.0,10.24330076946723,16.51357036050639,51.48528236436382,59.27283028147862,65.43261733575434,H
TLNNILEKEFK,0.0,0.3210304138728844,0.5542844812140303,3.410885732414755,4.456940195329857,6.018138836623567,0.0,2.918458307935313,5.038949829218457,31.00805211286141,40.51763813936233,54.710353060214246,H
ILATPTLAKVLPPPVRR,0.0,1.9166487876154137,2.1899239653412836,4.813699555213515,5.072976404966502,6.191187276611385,0.0,11.274404633031846,12.88190567847814,28.315879736550087,29.84103767627354,36.41874868594932,H
TAVLKLYVAGNTPNSVRALK,0.0,1.8584567664087943,2.1118873506054,3.993713645237689,4.905993744181067,8.023519369780246,0.0,9.292283832043973,10.559436753027,19.968568226188445,24.52996872090533,40.11759684890123,H
RIIGDLSNR,0.0,1.110149152202176,1.3675719255674983,4.681749528200245,5.395916258825305,5.599960700504511,0.0,12.33499058002418,15.19524361741665,52.01943920222495,59.95462509805895,62.22178556116123,H
TLNNILEK,0.0,0.2804477606165307,0.4741926430830794,1.6918514411076384,2.1513523646977526,3.4047537405884185,0.0,3.505597007706634,5.927408038538493,21.14814301384548,26.891904558721908,42.55942175735523,H
EKVLIALRLLAEEIGD,0.0,0.374743500071915,0.7274200857178728,7.766757342084741,9.02976332209719,10.481304142941816,0.0,2.342146875449469,4.546375535736705,48.54223338802963,56.43602076310744,65.50815089338634,H
ALKTLNNILEK,0.0,0.3021819917369299,0.5173678926406169,3.041967524952092,4.15320295719436,5.800592488677405,0.0,2.747109015790272,4.703344478551063,27.654250226837203,37.75639051994872,52.73265898797641,H
VLPPPVRRIIGDLSNR,0.0,2.125670131340462,2.566304308649294,7.522438388006328,8.560368718953645,8.799960700329144,0.0,13.285438320877889,16.039401929058084,47.015239925039545,53.50230449346029,54.99975437705715,H
LLAEEIGD,0.0,0.2231574168827379,0.4343246779112611,4.493782753302212,4.782512084259889,4.799999999998895,0.0,2.7894677110342236,5.429058473890764,56.17228441627765,59.781401053248615,59.99999999998619,H
KTAVLKLYVAGNTPNSVR,0.0,1.8524776593528332,2.0999938140680854,3.602502034603232,4.496888254762124,7.380529621463729,0.0,10.291542551960184,11.666632300378252,20.01390019224018,24.98271252645624,41.00294234146516,H
VLPPPVR,0.0,0.1533504753525036,0.277670858288278,0.9072482459147456,1.142926131902101,1.5853230525178206,0.0,2.1907210764643383,3.9667265469754,12.960689227353509,16.32751617003001,22.647472178826007,H
EKVLIALR,0.0,0.0506624021717478,0.0992417452034921,1.7086865526803454,2.709734837029486,4.223322077117601,0.0,0.6332800271468476,1.2405218150436514,21.358581908504316,33.87168546286857,52.79152596397001,H
IIGDLSNREKVLIALR,0.0,2.78806460005478,3.1257964447423348,7.202235549353258,8.905651153889758,10.62328277762211,0.0,17.425403750342376,19.536227779639592,45.01397218345786,55.66031971181099,66.39551736013819,H
VLPPPVRR,0.0,0.2989240730171286,0.5548402573334634,2.3999083931974208,2.4,2.4000000000000004,0.0,3.736550912714107,6.935503216668293,29.99885491496776,30.0,30.000000000000004,H
VLIALRLLAEEIGD,0.0,0.3739730131659613,0.7258795745650034,7.677516713345767,8.715638583719088,9.31035234313185,0.0,2.671235808328295,5.184854104035739,54.83940509532691,62.2545613122792,66.50251673665608,H
ALKTLNNILEKEFK,0.0,0.3427646449932837,0.5974597307715669,4.76100181625921,6.458790787826463,8.413977584712553,0.0,2.4483188928091697,4.267569505511192,34.007155830422924,46.13421991304617,60.09983989080395,H
TAVLKLYVAGNTPNSVR,0.0,1.850814670953743,2.0966712941829244,3.425724685162705,3.999825446422709,6.581307085026873,0.0,10.887145123257312,12.333360554017204,20.15132167742767,23.528384978957114,38.71357108839337,H
LYVAGNTPNSVRALK,0.0,1.8578401438980237,2.1106542651724083,3.920844712821886,4.6347791691598434,6.618848017498741,0.0,12.385600959320158,14.071028434482722,26.13896475214591,30.898527794398955,44.12565344999161,H
VIDVLK,0.0,0.3662149960146724,0.6567672393522788,2.7081204995424155,3.144819910353171,3.1999999960294185,0.0,6.103583266911207,10.946120655871312,45.13534165904026,52.41366517255285,53.33333326715698,H
IIGDLSNREK,0.0,2.6193308874153267,2.808446308480635,4.906474205124614,5.955791676494325,6.39981283992,0.0,26.193308874153264,28.084463084806348,49.06474205124615,59.55791676494325,63.998128399200006,H
VIDVLKNPQLAEEDK,0.0,2.5326737881707473,3.4827449799088335,7.995899794941107,9.328825891210633,9.599990696536969,0.0,16.884491921138313,23.21829986605889,53.30599863294071,62.19217260807088,63.99993797691312,H
