Peptide,30.0,60.0,180.0,600.0,1800.0,3600.0,7200.0,30.0_percent,60.0_percent,180.0_percent,600.0_percent,1800.0_percent,3600.0_percent,7200.0_percent,LogLKHD_30s,LogLKHD_60s,LogLKHD_180s,LogLKHD_600s,LogLKHD_1800s,LogLKHD_3600s,LogLKHD_7200s,Total_LKHD_per_time
MAPLR,1.4981257346077252,1.6520550364380346,1.6998474574060194,1.6999999999997228,1.7,1.7,1.7,29.962514692154507,33.04110072876069,33.996949148120386,33.99999999999446,34.0,34.0,34.0,0.002615624125576064,0.002639418380573779,0.002642381157232626,0.002642388771962033,0.002642388771962033,0.002642388771962033,0.002642388771962033,0.0184669787512306
TAVLK,0.00018419844119663687,0.0003683673616764249,0.0011047479424192818,0.003678365925375049,0.010999835706975603,0.021894515624388933,0.04337290171707013,0.0036839688239327377,0.0073673472335284975,0.022094958848385637,0.07356731850750098,0.21999671413951205,0.4378903124877787,0.8674580343414026,-0.1700000518865944,-0.16989419328727562,-0.16947143012112426,-0.16800018317018958,-0.16386796130244569,-0.15786314993115425,-0.14651899852504416,-1.1456159682238278
LYVAGNTPNSVR,1.870128622997611,2.022213839590493,2.3759828785752655,2.6973090287651553,2.9704462809320495,3.269708416382742,3.6608698782962654,15.584405191646757,16.85178199658744,19.799857321460546,22.477575239709626,24.75371900776708,27.247570136522853,30.50724898580221,-0.0026232063337635505,-0.0009833405234379068,0.0012054525970920532,0.0020660403892508975,0.0023926960080653424,0.002550044831723693,0.0026222714003993576,0.007229958369329887
ALK,0.0001635509343414554,0.00032707039937921454,0.0009808336875780975,0.0032650464163021197,0.009757562031553474,0.01940311227863694,0.03836330600892394,0.005451697811381846,0.010902346645973818,0.03269445625260325,0.10883488054340398,0.3252520677184491,0.646770409287898,1.2787768669641313,-0.16994924190222035,-0.16979264625080126,-0.16916766269616615,-0.1669977551946582,-0.16094590878360676,-0.15226606316479002,-0.13625316942637994,-1.1253724474186229
TLNNILEK,0.08356227044869965,0.1596775109369534,0.40265218382069673,0.8103931119109845,1.0797541095569405,1.2954831520488568,1.6729203994782302,1.0445283806087458,1.9959688867119174,5.0331522977587095,10.129913898887306,13.496926369461756,16.19353940061071,20.911504993477877,-0.14202933270083487,-0.11968704182495923,-0.06603678266418543,-0.019656876416732666,-0.006791064421881158,-0.0017667529784334147,0.001650391339208044,-0.35431745966781875
EFK,0.000617553639237528,0.001234658604948663,0.0036985982485079616,0.012266195283099662,0.036270106571843465,0.07099254181341297,0.13605574128196807,0.0205851213079176,0.0411552868316221,0.12328660828359872,0.4088731761033221,1.2090035523947822,2.3664180604470992,4.535191376065603,-0.16951473383105226,-0.16892548443604533,-0.16658830591803953,-0.15865295774530364,-0.13795440478097887,-0.1117647226893652,-0.07319688500339618,-0.986597494404181
GVYALK,0.3595572082110241,0.5905671942891902,0.973881044650806,1.322867549075381,1.7948664155742635,2.092048296580123,2.385173784883135,5.992620136850402,9.842786571486505,16.2313507441801,22.04779248458968,29.914440259571055,34.86747160966871,39.75289641471891,-0.05379684176034124,-0.02124783078787041,-0.0017179508917445124,0.001971742336913064,0.00261496469651003,0.0026441853833960747,0.0026474755797122637,-0.06688425544342473
VIDVLK,0.22644883665619023,0.42791619953946874,1.0386579016420747,1.953488945340116,2.5924929426766052,2.98438956743324,3.268761434760932,3.7741472776031704,7.131936658991147,17.31096502736791,32.55814908900194,43.20821571127675,49.73982612388734,54.47935724601554,-0.08530077579795922,-0.04165781466072379,-0.0005133892174485594,0.0026373868278465563,0.0026477496806682358,0.0026478001718026343,0.0026478012454521243,-0.11689124175036203
NPQLAEEDK,4.800623086962918,5.152011547797094,5.684709927569675,5.936102288549182,5.949996286460088,5.949999999983776,5.95,53.34025652181019,57.244572753301036,63.16344363966305,65.95669209499091,66.11106984955654,66.11111111093084,66.11111111111111,0.0026478011979489654,0.002647801147496917,0.0026477947381088004,0.0026477688051025324,0.002647765884008618,0.002647765883194782,0.002647765883194782,0.018534463539055395
ILATPTLAK,1.4532531355593823,1.6287957211305786,1.701091946738378,1.7053375469785996,1.715964631801596,1.7317860943211807,1.7630056263028715,16.147257061770915,18.09773023478421,18.901021630426424,18.948194966428886,19.066273686684397,19.242067714679788,19.58895140336524,-0.0018271532346672695,0.00016590148087006725,0.0007203617786183534,0.0007491168899416683,0.0008193901655179828,0.0009196325578176654,0.0011028878721783962,0.0026501375102768636
VLPPPVR,0.16293486367799767,0.2950252604624494,0.6168991630692718,0.8577360212164854,0.9090223756927743,0.9639512770204486,1.0626262087203617,2.3276409096856807,4.2146465780349915,8.812845186703884,12.253371731664076,12.986033938468205,13.770732528863553,15.18037441029088,-0.11257439920629711,-0.07811860037632866,-0.027776987063229782,-0.010467130523036093,-0.008174282073874172,-0.006115798187471742,-0.0032702144161534503,-0.24649741184639098
IIGDLSNR,1.532680870193476,2.0273573634688615,3.08615527849606,4.366131023043852,5.020286759969459,5.096156022917837,5.099989121565649,19.15851087741845,25.341967043360768,38.57694098120075,54.57663778804815,62.75358449961824,63.701950286472965,63.74986401957061,0.0008726278468482737,0.0024432721370756375,0.002647207526852028,0.002647801247069333,0.0026477961477272037,0.002647792309757097,0.0026477920557673304,0.016554289271096905
EK,0.0,0.0,0.0,0.0,0.0,0.0,0.0,0.0,0.0,0.0,0.0,0.0,0.0,0.0,-0.17010597769293234,-0.17010597769293234,-0.17010597769293234,-0.17010597769293234,-0.17010597769293234,-0.17010597769293234,-0.17010597769293234,-1.1907418438505264
VLIALR,0.017426565495290935,0.03468953269900581,0.10214185248211946,0.3194397282167191,0.8094419824517955,1.2989380806959878,1.833637540443933,0.29044275825484894,0.5781588783167635,1.7023642080353243,5.3239954702786525,13.490699707529927,21.6489680115998,30.56062567406555,-0.16190783003630446,-0.15408752550178095,-0.12626902045967692,-0.06211680892639592,-0.006806939058544055,0.0018718105020208474,0.0026228475712398226,-0.5066934659094415
LLAEEIGD,0.6880363900174281,1.2134071419492982,2.424531552327434,3.7673313700179416,4.614941788037285,4.886692385758521,5.047791439849319,8.600454875217851,15.167589274366227,30.306644404092925,47.09164212522427,57.686772350466065,61.08365482198151,63.09739299811648,-0.029296575804492932,-0.003291795069903342,0.0026199912433685166,0.0026477956537479643,0.002647801092762962,0.0026477994179595556,0.002647794988105639,-0.019377188478451643
